mark,role,fwd_target,out_symbol,K,n,mean,median,frac_pos,t_stat,boot_mean_lo,boot_mean_hi
Mark 67,aggr_buy,same,VELVETFRUIT_EXTRACT,5,164,1.9603658536585367,2.0,0.8353658536585366,13.025623326344341,1.6798780487804879,2.2286585365853657
Mark 67,as_buyer,same,VELVETFRUIT_EXTRACT,5,165,1.9454545454545455,2.0,0.8303030303030303,12.941467482109264,1.621212121212121,2.2454545454545456
Mark 67,as_buyer,to_extract,x,5,165,1.9454545454545455,2.0,0.8303030303030303,12.941467482109264,1.621212121212121,2.2454545454545456
Mark 49,as_seller,same,VELVETFRUIT_EXTRACT,5,105,1.819047619047619,2.0,0.780952380952381,9.63090606602775,1.4714285714285715,2.1857142857142855
Mark 49,as_seller,to_extract,x,5,105,1.819047619047619,2.0,0.780952380952381,9.63090606602775,1.4714285714285715,2.1857142857142855
Mark 22,as_seller,same,VELVETFRUIT_EXTRACT,5,101,1.5445544554455446,1.5,0.7920792079207921,6.414784961470638,1.0643564356435644,1.9752475247524752
Mark 67,as_buyer,same,VELVETFRUIT_EXTRACT,20,165,1.8454545454545455,1.5,0.6484848484848484,5.967043172323755,1.2606060606060605,2.463636363636364
Mark 67,as_buyer,to_extract,x,20,165,1.8454545454545455,1.5,0.6484848484848484,5.967043172323755,1.2606060606060605,2.463636363636364
Mark 67,aggr_buy,same,VELVETFRUIT_EXTRACT,20,164,1.8140243902439024,1.5,0.6463414634146342,5.86010068131766,1.1890243902439024,2.4207317073170733
Mark 49,as_seller,same,VELVETFRUIT_EXTRACT,20,105,1.7952380952380953,2.0,0.6761904761904762,4.876686926034512,1.0809523809523809,2.5761904761904764
Mark 49,as_seller,to_extract,x,20,105,1.7952380952380953,2.0,0.6761904761904762,4.876686926034512,1.0809523809523809,2.5761904761904764
Mark 22,aggr_buy,same,VELVETFRUIT_EXTRACT,5,6,2.6666666666666665,2.5,0.8333333333333334,3.4587016093369347,1.3333333333333333,4.083333333333333
Mark 14,as_buyer,same,VEV_5400,5,13,-0.38461538461538464,-0.5,0.0,-3.3333333333333335,-0.6153846153846154,-0.15384615384615385
Mark 22,aggr_sell,same,VEV_5300,5,160,-0.203125,0.0,0.2375,-3.3127067443445664,-0.3125,-0.1
Mark 22,as_seller,same,VELVETFRUIT_EXTRACT,20,101,1.4653465346534653,1.5,0.6237623762376238,3.263611196378688,0.599009900990099,2.3514851485148514
Mark 22,as_seller,same,VEV_5300,5,163,-0.19325153374233128,0.0,0.24539877300613497,-3.1776800666829024,-0.31901840490797545,-0.07975460122699386
Mark 49,as_buyer,same,VELVETFRUIT_EXTRACT,100,16,-3.8125,-4.25,0.1875,-3.148347783623802,-5.875,-1.46875
Mark 49,as_buyer,to_extract,x,100,16,-3.8125,-4.25,0.1875,-3.148347783623802,-5.875,-1.46875
Mark 22,aggr_sell,same,VELVETFRUIT_EXTRACT,100,10,-4.35,-5.25,0.2,-3.1418431039967394,-6.95,-2.0
Mark 22,as_seller,to_extract,x,20,1542,0.35667963683527887,0.0,0.47535667963683526,3.032056246598064,0.11738002594033722,0.5859273670557718
Mark 22,as_buyer,same,HYDROGEL_PACK,5,11,-2.6818181818181817,-2.0,0.2727272727272727,-2.762928144165997,-4.545454545454546,-0.9090909090909091
Mark 14,as_seller,same,VELVETFRUIT_EXTRACT,20,331,0.5755287009063444,0.5,0.5196374622356495,2.713686226945129,0.15256797583081572,1.0256797583081572
Mark 49,as_buyer,to_hydro,x,20,17,3.4411764705882355,3.0,0.7647058823529411,2.6711040891703846,1.0,5.823529411764706
Mark 22,aggr_sell,same,VELVETFRUIT_EXTRACT,5,11,-2.3636363636363638,-2.5,0.18181818181818182,-2.6647402004950607,-4.0,-0.7272727272727273
Mark 22,as_buyer,same,HYDROGEL_PACK,100,11,-13.090909090909092,-13.0,0.18181818181818182,-2.654428614083611,-22.59090909090909,-3.6363636363636362
Mark 49,as_buyer,same,VELVETFRUIT_EXTRACT,5,17,-1.8235294117647058,-2.0,0.17647058823529413,-2.6229071768107897,-3.1470588235294117,-0.5
Mark 49,as_buyer,to_extract,x,5,17,-1.8235294117647058,-2.0,0.17647058823529413,-2.6229071768107897,-3.1470588235294117,-0.5
Mark 14,as_buyer,same,VELVETFRUIT_EXTRACT,100,311,-1.2620578778135048,-2.0,0.4115755627009646,-2.572083362790216,-2.107717041800643,-0.32636655948553056
Mark 14,as_buyer,same,VEV_5300,5,30,-0.4166666666666667,0.0,0.2,-2.532968456878179,-0.75,-0.15
Mark 55,as_seller,same,VELVETFRUIT_EXTRACT,100,595,-0.9184873949579831,-1.0,0.4369747899159664,-2.504567788249763,-1.6949579831932773,-0.2
Mark 55,as_seller,to_extract,x,100,595,-0.9184873949579831,-1.0,0.4369747899159664,-2.504567788249763,-1.6949579831932773,-0.2
Mark 55,aggr_sell,same,VELVETFRUIT_EXTRACT,100,595,-0.9184873949579831,-1.0,0.4369747899159664,-2.504567788249763,-1.6949579831932773,-0.2
Mark 55,as_buyer,same,VELVETFRUIT_EXTRACT,20,598,0.4088628762541806,0.5,0.5100334448160535,2.4788758254472882,0.10702341137123746,0.7282608695652174
Mark 55,as_buyer,to_extract,x,20,598,0.4088628762541806,0.5,0.5100334448160535,2.4788758254472882,0.10702341137123746,0.7282608695652174
Mark 55,aggr_buy,same,VELVETFRUIT_EXTRACT,20,598,0.4088628762541806,0.5,0.5100334448160535,2.4788758254472882,0.10702341137123746,0.7282608695652174
Mark 22,as_buyer,same,HYDROGEL_PACK,20,11,-5.863636363636363,-3.0,0.2727272727272727,-2.425171945773196,-10.0,-1.6818181818181819
Mark 01,as_buyer,to_hydro,x,20,1599,-0.5156347717323327,0.0,0.4521575984990619,-2.4212628325248295,-0.9843652282676673,-0.11913696060037524
Mark 22,as_buyer,to_extract,x,20,42,1.6547619047619047,2.25,0.6190476190476191,2.3453078038219184,0.2976190476190476,2.9166666666666665
Mark 01,as_buyer,same,VEV_5300,5,132,-0.14772727272727273,0.0,0.25,-2.2914560462557185,-0.26515151515151514,0.0
Mark 14,as_buyer,same,VEV_5500,100,7,-0.5714285714285714,-0.5,0.0,-2.2478059477960657,-1.1428571428571428,-0.14285714285714285
Mark 55,as_buyer,same,VELVETFRUIT_EXTRACT,5,598,0.19899665551839466,0.0,0.46488294314381273,2.246478262817043,0.029264214046822744,0.38127090301003347
Mark 55,as_buyer,to_extract,x,5,598,0.19899665551839466,0.0,0.46488294314381273,2.246478262817043,0.029264214046822744,0.38127090301003347
Mark 55,aggr_buy,same,VELVETFRUIT_EXTRACT,5,598,0.19899665551839466,0.0,0.46488294314381273,2.246478262817043,0.029264214046822744,0.38127090301003347
Mark 14,as_seller,same,VELVETFRUIT_EXTRACT,100,328,1.0975609756097562,1.0,0.524390243902439,2.2196620491830568,0.14634146341463414,2.1722560975609757
Mark 01,as_buyer,to_extract,x,20,1599,0.25140712945590993,0.0,0.4646654158849281,2.2073696953107427,0.03908692933083177,0.4527829893683552
Mark 49,as_buyer,to_hydro,x,5,17,2.235294117647059,1.0,0.5294117647058824,2.1553238109083055,0.4117647058823529,4.235294117647059
Mark 14,as_seller,same,VELVETFRUIT_EXTRACT,5,331,0.26132930513595165,0.0,0.48036253776435045,2.1520837296133988,0.0030211480362537764,0.4818731117824773
Mark 14,as_buyer,same,VEV_5500,20,7,-0.42857142857142855,0.0,0.0,-2.1213203435596424,-0.7142857142857143,-0.14285714285714285
Mark 01,as_buyer,same,VELVETFRUIT_EXTRACT,5,260,0.2903846153846154,0.25,0.5,2.112984526639036,0.013461538461538462,0.5288461538461539
Mark 22,as_buyer,to_extract,x,100,42,3.4523809523809526,3.5,0.5714285714285714,2.072930416497874,0.17857142857142858,6.761904761904762
Mark 67,as_buyer,same,VELVETFRUIT_EXTRACT,100,164,1.478658536585366,1.0,0.5426829268292683,2.0114056473363218,0.04878048780487805,2.8628048780487805
Mark 67,as_buyer,to_extract,x,100,164,1.478658536585366,1.0,0.5426829268292683,2.0114056473363218,0.04878048780487805,2.8628048780487805
Mark 49,as_seller,same,VELVETFRUIT_EXTRACT,100,104,1.7836538461538463,0.75,0.5288461538461539,1.9798235804630602,0.10096153846153846,3.610576923076923
Mark 49,as_seller,to_extract,x,100,104,1.7836538461538463,0.75,0.5288461538461539,1.9798235804630602,0.10096153846153846,3.610576923076923
Mark 22,aggr_sell,same,VELVETFRUIT_EXTRACT,20,11,-3.090909090909091,-6.0,0.45454545454545453,-1.9341924215611526,-5.863636363636363,-0.045454545454545456
Mark 22,as_seller,same,VEV_5500,5,306,-0.026143790849673203,0.0,0.05555555555555555,-1.9207508139484646,-0.05392156862745098,0.0
Mark 22,aggr_sell,same,VEV_5500,5,306,-0.026143790849673203,0.0,0.05555555555555555,-1.9207508139484646,-0.05392156862745098,0.0
Mark 14,as_buyer,to_extract,x,100,1119,-0.5290437890974083,-1.0,0.44682752457551383,-1.889975813862911,-1.0607685433422698,-0.016979445933869526
Mark 22,as_buyer,to_hydro,x,100,42,-5.0,-7.5,0.30952380952380953,-1.874604566277097,-10.226190476190476,0.23809523809523808
Mark 67,aggr_buy,same,VELVETFRUIT_EXTRACT,100,163,1.3711656441717792,1.0,0.5398773006134969,1.873917213276957,0.012269938650306749,2.7423312883435584
Mark 49,as_buyer,same,VELVETFRUIT_EXTRACT,20,17,-2.2941176470588234,-1.0,0.47058823529411764,-1.8384776310850233,-4.5,-0.058823529411764705
Mark 49,as_buyer,to_extract,x,20,17,-2.2941176470588234,-1.0,0.47058823529411764,-1.8384776310850233,-4.5,-0.058823529411764705
Mark 38,as_buyer,to_hydro,x,5,733,-0.2789904502046385,0.0,0.4392905866302865,-1.7611917633261538,-0.5791268758526603,0.07708049113233288
Mark 14,as_buyer,to_hydro,x,100,1119,0.9490616621983914,0.0,0.49865951742627346,1.7450117432608954,-0.16845397676496873,1.9124218051831994
Mark 22,aggr_buy,same,VELVETFRUIT_EXTRACT,20,6,3.5,3.5,0.8333333333333334,1.7355964628816265,-0.3333333333333333,6.833333333333333
Mark 67,as_buyer,to_hydro,x,100,164,-1.9725609756097562,-3.0,0.36585365853658536,-1.7080732410564807,-4.103658536585366,0.39939024390243905
Mark 22,aggr_buy,same,VELVETFRUIT_EXTRACT,100,6,7.166666666666667,5.5,0.5,1.6886784161993207,-0.25,15.25
Mark 49,as_buyer,to_hydro,x,100,16,6.53125,3.5,0.5625,1.6721997840686846,-0.5625,14.125
Mark 22,as_seller,same,HYDROGEL_PACK,5,8,3.1875,3.5,0.75,1.6600342276747226,-0.125,6.1875
Mark 22,as_seller,to_extract,x,100,1528,0.38841623036649214,1.0,0.5235602094240838,1.6196265515828339,-0.07133507853403141,0.9152486910994765
Mark 01,as_buyer,same,VEV_5200,100,11,2.772727272727273,3.0,0.7272727272727273,1.6188859319906685,-0.5,5.7272727272727275
Mark 49,as_seller,to_hydro,x,5,105,0.7,0.0,0.4857142857142857,1.5703610208573653,-0.18571428571428572,1.6
Mark 01,as_buyer,to_hydro,x,5,1599,-0.17166979362101314,0.0,0.43151969981238275,-1.5701939972548613,-0.39368355222013757,0.03595997498436523
Mark 22,as_seller,to_hydro,x,20,1542,-0.3356031128404669,0.0,0.4571984435797665,-1.556116199293817,-0.7872892347600519,0.1219195849546044
Mark 14,as_buyer,same,VEV_5500,5,7,-0.2857142857142857,0.0,0.0,-1.5491933384829666,-0.5714285714285714,0.0
Mark 01,as_buyer,same,VEV_5500,5,299,-0.020066889632107024,0.0,0.056856187290969896,-1.5273947271756931,-0.046822742474916385,0.005016722408026756
Mark 22,aggr_sell,same,VEV_5200,5,44,-0.22727272727272727,-0.5,0.3181818181818182,-1.5035884171827125,-0.5227272727272727,0.06818181818181818
Mark 22,as_seller,to_extract,x,5,1542,0.08009079118028535,0.0,0.45330739299610895,1.4875384843240451,-0.030155642023346304,0.19098573281452658
Mark 14,as_buyer,same,VEV_5400,100,13,-0.8846153846153846,-0.5,0.46153846153846156,-1.4624684667275758,-2.076923076923077,0.19230769230769232
Mark 14,as_buyer,same,VEV_5200,5,33,-0.24242424242424243,-0.5,0.3333333333333333,-1.4250399015019133,-0.5454545454545454,0.09090909090909091
Mark 22,as_seller,same,VEV_5200,5,46,-0.20652173913043478,-0.5,0.32608695652173914,-1.4199504053068512,-0.5108695652173914,0.07608695652173914
Mark 55,as_buyer,same,VELVETFRUIT_EXTRACT,100,595,0.5310924369747899,0.0,0.4991596638655462,1.4038715282649978,-0.22773109243697479,1.218487394957983
Mark 55,as_buyer,to_extract,x,100,595,0.5310924369747899,0.0,0.4991596638655462,1.4038715282649978,-0.22773109243697479,1.218487394957983
Mark 55,aggr_buy,same,VELVETFRUIT_EXTRACT,100,595,0.5310924369747899,0.0,0.4991596638655462,1.4038715282649978,-0.22773109243697479,1.218487394957983
Mark 22,as_seller,to_hydro,x,5,1542,-0.1562905317769131,0.0,0.4286640726329442,-1.3925807694240573,-0.38164721141374836,0.08949416342412451
Mark 22,as_buyer,same,VELVETFRUIT_EXTRACT,20,25,1.14,2.0,0.6,1.343098771807734,-0.44,2.86
Mark 14,as_buyer,to_hydro,x,20,1127,0.3362910381543922,0.5,0.5013309671694764,1.3330305512318272,-0.20186335403726707,0.8216503992901508
Mark 22,aggr_sell,same,VEV_5400,5,275,-0.03090909090909091,0.0,0.16363636363636364,-1.3172567025602884,-0.08181818181818182,0.016363636363636365
Mark 22,as_seller,same,VEV_5400,5,276,-0.030797101449275364,0.0,0.16304347826086957,-1.3172502999536526,-0.07789855072463768,0.012681159420289856
Mark 14,as_seller,to_extract,x,5,1045,0.08325358851674641,0.0,0.45454545454545453,1.2506808270055128,-0.04066985645933014,0.2138755980861244
Mark 14,as_buyer,same,VEV_5400,20,13,-0.34615384615384615,0.0,0.3076923076923077,-1.238193453540749,-0.9230769230769231,0.15384615384615385
Mark 38,as_buyer,to_hydro,x,20,731,-0.3803009575923393,0.0,0.49247606019151846,-1.1999915916067263,-0.96922024623803,0.2496580027359781
Mark 14,as_buyer,to_extract,x,5,1127,-0.07763975155279502,0.0,0.42058562555456963,-1.1934650014507613,-0.1867790594498669,0.04791481810115351
Mark 55,as_buyer,to_hydro,x,5,598,0.205685618729097,0.0,0.46488294314381273,1.1834714155303687,-0.15719063545150502,0.5585284280936454
Mark 38,as_seller,same,VEV_4000,5,233,-0.16952789699570817,0.0,0.4248927038626609,-1.1630208076407231,-0.4313304721030043,0.12660944206008584
Mark 38,aggr_sell,same,VEV_4000,5,233,-0.16952789699570817,0.0,0.4248927038626609,-1.1630208076407231,-0.4313304721030043,0.12660944206008584
Mark 01,as_seller,to_hydro,x,100,244,-1.3422131147540983,-2.5,0.4385245901639344,-1.161742959515943,-3.637295081967213,0.9098360655737705
Mark 67,as_buyer,to_hydro,x,5,165,0.41818181818181815,0.0,0.4666666666666667,1.1565699118097579,-0.28484848484848485,1.084848484848485
Mark 14,as_buyer,to_extract,x,20,1127,-0.1512866015971606,-0.5,0.4338952972493345,-1.155108550734895,-0.3779946761313221,0.10869565217391304
Mark 14,as_buyer,same,VEV_5300,100,30,0.65,0.75,0.5333333333333333,1.1549231186364703,-0.38333333333333336,1.5833333333333333
Mark 14,as_seller,to_extract,x,20,1043,0.14189837008628955,0.0,0.4707574304889741,1.1373437838357479,-0.10450623202301054,0.3859060402684564
Mark 38,as_buyer,same,VEV_4000,5,209,0.17464114832535885,0.0,0.4784688995215311,1.1213823487176247,-0.10526315789473684,0.45215311004784686
Mark 38,aggr_buy,same,VEV_4000,5,209,0.17464114832535885,0.0,0.4784688995215311,1.1213823487176247,-0.10526315789473684,0.45215311004784686
Mark 14,as_buyer,same,VEV_4000,5,232,-0.16379310344827586,0.0,0.4267241379310345,-1.1197119741505646,-0.4504310344827586,0.15732758620689655
Mark 01,as_buyer,same,VELVETFRUIT_EXTRACT,100,260,-0.6346153846153846,-1.0,0.4653846153846154,-1.1125083621188172,-1.8057692307692308,0.4307692307692308
Mark 22,aggr_sell,same,VEV_5300,20,160,-0.14375,0.0,0.38125,-1.10672497938225,-0.378125,0.096875
Mark 14,as_buyer,same,HYDROGEL_PACK,100,494,0.8927125506072875,0.0,0.49190283400809715,1.0968620899695485,-0.6933198380566802,2.354251012145749
Mark 22,as_buyer,same,VELVETFRUIT_EXTRACT,100,25,2.2,2.0,0.52,1.0753051227015626,-1.28,6.08
Mark 01,as_buyer,same,VEV_5500,20,299,0.02508361204013378,0.0,0.14381270903010032,1.0478169779074455,-0.020066889632107024,0.07357859531772576
Mark 14,as_buyer,same,VELVETFRUIT_EXTRACT,20,316,-0.23734177215189872,0.0,0.4177215189873418,-1.040850794089224,-0.7183544303797469,0.20253164556962025
Mark 01,as_buyer,to_extract,x,5,1599,0.05347091932457786,0.0,0.44652908067542213,1.0250716080347704,-0.059724828017510945,0.15259537210756724
Mark 01,as_buyer,to_hydro,x,100,1587,-0.46628859483301827,-1.0,0.4725897920604915,-1.0000086797970025,-1.3752362948960302,0.4905482041587902
Mark 49,as_seller,to_hydro,x,20,105,0.7619047619047619,0.0,0.4857142857142857,0.9823376783185562,-0.680952380952381,2.3095238095238093
Mark 22,as_seller,same,VEV_5300,20,163,-0.12269938650306748,0.0,0.38650306748466257,-0.9542862978215048,-0.3834355828220859,0.13496932515337423
Mark 22,as_seller,same,VEV_5200,100,46,0.8804347826086957,0.75,0.5869565217391305,0.9410055737562313,-0.8369565217391305,2.5543478260869565
Mark 14,as_seller,same,HYDROGEL_PACK,20,507,-0.3530571992110454,0.0,0.4930966469428008,-0.9265111759629896,-1.0996055226824457,0.3510848126232742
Mark 14,as_seller,same,HYDROGEL_PACK,5,507,-0.17159763313609466,0.0,0.4536489151873767,-0.9230233405315611,-0.514792899408284,0.17455621301775148
Mark 38,as_buyer,same,VEV_4000,20,207,0.2608695652173913,0.0,0.48792270531400966,0.9095315900201543,-0.3115942028985507,0.8792270531400966
Mark 38,aggr_buy,same,VEV_4000,20,207,0.2608695652173913,0.0,0.48792270531400966,0.9095315900201543,-0.3115942028985507,0.8792270531400966
Mark 38,as_seller,to_hydro,x,100,742,0.5929919137466307,0.0,0.4865229110512129,0.899812741931187,-0.589622641509434,1.8908355795148248
Mark 22,as_seller,same,VEV_5500,100,304,-0.03618421052631579,0.0,0.23355263157894737,-0.8817968548358787,-0.1118421052631579,0.044407894736842105
Mark 22,aggr_sell,same,VEV_5500,100,304,-0.03618421052631579,0.0,0.23355263157894737,-0.8817968548358787,-0.1118421052631579,0.044407894736842105
Mark 38,as_buyer,same,HYDROGEL_PACK,20,515,-0.3271844660194175,0.0,0.49514563106796117,-0.8696490053528438,-0.9825242718446602,0.541747572815534
Mark 38,aggr_buy,same,HYDROGEL_PACK,20,515,-0.3271844660194175,0.0,0.49514563106796117,-0.8696490053528438,-0.9825242718446602,0.541747572815534
Mark 14,as_seller,same,VEV_4000,5,207,0.13043478260869565,0.0,0.47342995169082125,0.8471128956855575,-0.18357487922705315,0.49033816425120774
Mark 01,as_buyer,same,VEV_5200,20,11,0.8636363636363636,0.5,0.6363636363636364,0.8463272660560105,-0.9545454545454546,2.5
Mark 01,as_buyer,same,VEV_5300,20,132,-0.12121212121212122,0.0,0.3939393939393939,-0.8405868912188258,-0.39015151515151514,0.17045454545454544
Mark 01,as_buyer,same,VEV_5400,20,263,0.039923954372623575,0.0,0.30798479087452474,0.8355168197776018,-0.049429657794676805,0.13878326996197718
Mark 01,as_buyer,to_extract,x,100,1587,0.18620037807183365,0.5,0.5129174543163201,0.80175177967678,-0.2479521109010712,0.611531190926276
Mark 14,as_buyer,same,VEV_5300,20,30,-0.21666666666666667,-0.25,0.3333333333333333,-0.7647058823529412,-0.75,0.36666666666666664
Mark 14,as_seller,same,VEV_4000,20,205,0.2146341463414634,0.0,0.4878048780487805,0.752523547921182,-0.34146341463414637,0.751219512195122
Mark 22,as_seller,same,VEV_5300,100,162,0.19135802469135801,0.25,0.5,0.7471081989078119,-0.2962962962962963,0.6851851851851852
Mark 38,as_seller,to_hydro,x,20,745,0.2302013422818792,0.0,0.49530201342281877,0.73889761114887,-0.4557046979865772,0.8241610738255034
Mark 38,as_seller,same,HYDROGEL_PACK,100,505,0.5881188118811881,0.0,0.48514851485148514,0.7280135711120933,-0.9643564356435643,2.1851485148514853
Mark 38,aggr_sell,same,HYDROGEL_PACK,100,505,0.5881188118811881,0.0,0.48514851485148514,0.7280135711120933,-0.9643564356435643,2.1851485148514853
Mark 14,as_seller,to_hydro,x,5,1045,-0.09665071770334928,0.0,0.4507177033492823,-0.7238540603563905,-0.34401913875598084,0.1507177033492823
Mark 55,as_buyer,to_hydro,x,20,598,0.2491638795986622,0.0,0.4983277591973244,0.7089634754121247,-0.36789297658862874,0.9439799331103679
Mark 22,as_seller,same,HYDROGEL_PACK,20,8,1.3125,1.5,0.625,0.703413698945422,-2.375,4.625
Mark 38,as_buyer,same,HYDROGEL_PACK,100,512,-0.548828125,0.0,0.486328125,-0.6767017673724867,-2.216796875,1.03515625
Mark 38,aggr_buy,same,HYDROGEL_PACK,100,512,-0.548828125,0.0,0.486328125,-0.6767017673724867,-2.216796875,1.03515625
Mark 22,aggr_sell,same,VEV_5200,100,44,0.625,0.5,0.5681818181818182,0.6621679449607971,-1.1363636363636365,2.3181818181818183
Mark 14,as_seller,same,VEV_4000,100,203,-0.4064039408866995,0.0,0.4827586206896552,-0.659836798771061,-1.6527093596059113,0.7610837438423645
Mark 22,as_buyer,same,VELVETFRUIT_EXTRACT,5,25,-0.4,-0.5,0.4,-0.6531972647421809,-1.52,0.92
Mark 38,as_buyer,same,HYDROGEL_PACK,5,515,-0.11941747572815534,0.0,0.458252427184466,-0.6418893189351541,-0.43398058252427185,0.24271844660194175
Mark 38,aggr_buy,same,HYDROGEL_PACK,5,515,-0.11941747572815534,0.0,0.458252427184466,-0.6418893189351541,-0.43398058252427185,0.24271844660194175
Mark 55,as_seller,same,VELVETFRUIT_EXTRACT,20,600,-0.10583333333333333,0.0,0.43833333333333335,-0.6181496555114884,-0.4475,0.27
Mark 55,as_seller,to_extract,x,20,600,-0.10583333333333333,0.0,0.43833333333333335,-0.6181496555114884,-0.4475,0.27
Mark 55,aggr_sell,same,VELVETFRUIT_EXTRACT,20,600,-0.10583333333333333,0.0,0.43833333333333335,-0.6181496555114884,-0.4475,0.27
Mark 22,as_seller,same,VEV_5500,20,306,0.014705882352941176,0.0,0.14052287581699346,0.6103330614689869,-0.027777777777777776,0.06045751633986928
Mark 22,aggr_sell,same,VEV_5500,20,306,0.014705882352941176,0.0,0.14052287581699346,0.6103330614689869,-0.027777777777777776,0.06045751633986928
Mark 14,as_buyer,same,VEV_4000,20,232,-0.1788793103448276,0.0,0.44396551724137934,-0.6090217622057494,-0.7866379310344828,0.4525862068965517
Mark 14,as_seller,same,HYDROGEL_PACK,100,505,-0.49504950495049505,0.0,0.48514851485148514,-0.6070194537656002,-2.0752475247524753,1.0455445544554456
Mark 14,as_buyer,same,HYDROGEL_PACK,20,496,0.23387096774193547,0.75,0.5040322580645161,0.5993981179800753,-0.5735887096774194,0.9667338709677419
Mark 67,as_buyer,to_hydro,x,20,165,0.3939393939393939,0.0,0.45454545454545453,0.5969523724300967,-0.8848484848484849,1.7181818181818183
Mark 38,as_seller,same,VEV_4000,20,233,-0.17381974248927037,0.0,0.44635193133047213,-0.594263133536499,-0.7124463519313304,0.39914163090128757
Mark 38,aggr_sell,same,VEV_4000,20,233,-0.17381974248927037,0.0,0.44635193133047213,-0.594263133536499,-0.7124463519313304,0.39914163090128757
Mark 22,as_seller,to_hydro,x,100,1528,-0.2778141361256545,0.0,0.4757853403141361,-0.5905441582888892,-1.2529450261780104,0.5415575916230366
Mark 55,as_seller,to_hydro,x,5,600,0.10333333333333333,0.0,0.4633333333333333,0.5903027624624952,-0.2816666666666667,0.4575
Mark 38,as_buyer,to_extract,x,100,726,-0.2024793388429752,0.0,0.4724517906336088,-0.581754385240646,-0.8450413223140496,0.44834710743801653
Mark 22,aggr_sell,same,VEV_5300,100,159,0.14779874213836477,0.0,0.4968553459119497,0.5778864227270519,-0.3113207547169811,0.6069182389937107
Mark 38,as_seller,to_extract,x,5,745,-0.0476510067114094,0.0,0.43221476510067114,-0.577282752958935,-0.20134228187919462,0.12416107382550336
Mark 55,as_seller,same,VELVETFRUIT_EXTRACT,5,600,0.051666666666666666,0.0,0.44333333333333336,0.5770292515005375,-0.11666666666666667,0.23333333333333334
Mark 55,as_seller,to_extract,x,5,600,0.051666666666666666,0.0,0.44333333333333336,0.5770292515005375,-0.11666666666666667,0.23333333333333334
Mark 55,aggr_sell,same,VELVETFRUIT_EXTRACT,5,600,0.051666666666666666,0.0,0.44333333333333336,0.5770292515005375,-0.11666666666666667,0.23333333333333334
Mark 01,as_buyer,same,VEV_5500,100,297,-0.02356902356902357,0.0,0.23905723905723905,-0.5699484745307889,-0.09595959595959595,0.05387205387205387
Mark 01,as_buyer,same,VEV_5400,5,263,-0.013307984790874524,0.0,0.17110266159695817,-0.5689189907814672,-0.055133079847908745,0.030418250950570342
Mark 38,as_seller,to_extract,x,20,745,-0.0912751677852349,-0.5,0.4442953020134228,-0.5541288339559296,-0.3624161073825503,0.18523489932885906
Mark 22,as_seller,same,HYDROGEL_PACK,100,7,-4.428571428571429,1.0,0.5714285714285714,-0.5518073271302719,-17.214285714285715,9.928571428571429
Mark 38,as_seller,to_extract,x,100,742,-0.1954177897574124,-1.0,0.45417789757412397,-0.5510282119537675,-0.8733153638814016,0.4494609164420485
Mark 01,as_buyer,same,VEV_5200,5,11,-0.18181818181818182,0.0,0.2727272727272727,-0.53644178078582,-0.8181818181818182,0.4090909090909091
Mark 14,as_seller,to_extract,x,100,1036,0.14864864864864866,0.0,0.48455598455598453,0.5224167760868873,-0.3807915057915058,0.6877413127413128
Mark 14,as_seller,to_hydro,x,100,1036,0.2890926640926641,0.0,0.4893822393822394,0.5097210299316998,-0.8841698841698842,1.47007722007722
Mark 38,as_buyer,to_extract,x,20,731,-0.07455540355677155,0.0,0.4473324213406293,-0.49034299514276736,-0.3741450068399453,0.19630642954856362
Mark 14,as_seller,to_hydro,x,20,1043,-0.12847555129434324,0.0,0.4966442953020134,-0.4742082752937198,-0.6361457334611696,0.38638542665388304
Mark 22,as_seller,same,VEV_5200,20,46,0.22826086956521738,-0.25,0.4782608695652174,0.4628925561670968,-0.8369565217391305,1.1956521739130435
Mark 22,as_seller,same,VEV_5400,20,276,0.021739130434782608,0.0,0.3079710144927536,0.4575053835183178,-0.06884057971014493,0.1105072463768116
Mark 22,aggr_sell,same,VEV_5200,20,44,0.22727272727272727,-0.25,0.4772727272727273,0.45017565512115065,-0.7727272727272727,1.3068181818181819
Mark 22,aggr_sell,same,VEV_5400,100,272,-0.04044117647058824,0.0,0.41544117647058826,-0.4414725103316141,-0.20955882352941177,0.14705882352941177
Mark 22,as_seller,same,VEV_5400,100,273,-0.038461538461538464,0.0,0.4175824175824176,-0.4213093326287699,-0.22527472527472528,0.13186813186813187
Mark 22,aggr_sell,same,VEV_5400,20,275,0.02,0.0,0.3054545454545455,0.41965834169991967,-0.06,0.12
Mark 22,as_seller,same,VELVETFRUIT_EXTRACT,100,100,0.385,-0.5,0.48,0.4050891516752543,-1.51,2.14
Mark 38,as_buyer,same,VEV_4000,100,205,-0.25121951219512195,0.0,0.4878048780487805,-0.40339996830519054,-1.4780487804878049,0.9609756097560975
Mark 38,aggr_buy,same,VEV_4000,100,205,-0.25121951219512195,0.0,0.4878048780487805,-0.40339996830519054,-1.4780487804878049,0.9609756097560975
Mark 14,as_buyer,to_hydro,x,5,1127,0.04702750665483585,0.0,0.4614019520851819,0.35899548932307596,-0.2222715173025732,0.3025732031943212
Mark 22,as_buyer,to_extract,x,5,42,0.16666666666666666,0.25,0.5,0.3530156664940999,-0.6785714285714286,0.9523809523809523
Mark 14,as_buyer,same,HYDROGEL_PACK,5,496,0.0715725806451613,0.0,0.46774193548387094,0.3529481780908806,-0.3397177419354839,0.4909274193548387
Mark 38,as_buyer,to_extract,x,5,733,-0.023874488403819918,0.0,0.43519781718963163,-0.3065330456046167,-0.15416098226466576,0.1364256480218281
Mark 22,as_buyer,to_hydro,x,20,42,-0.39285714285714285,-1.0,0.4523809523809524,-0.29957969966975645,-3.0833333333333335,2.369047619047619
Mark 01,as_seller,same,VELVETFRUIT_EXTRACT,100,244,-0.17418032786885246,-0.5,0.47540983606557374,-0.286911599253735,-1.4959016393442623,1.1372950819672132
Mark 01,as_seller,to_extract,x,100,244,-0.17418032786885246,-0.5,0.47540983606557374,-0.286911599253735,-1.4959016393442623,1.1372950819672132
Mark 14,as_buyer,same,VELVETFRUIT_EXTRACT,5,316,-0.03322784810126582,0.0,0.41455696202531644,-0.2808425831430369,-0.27848101265822783,0.21044303797468356
Mark 38,as_seller,same,HYDROGEL_PACK,20,507,0.10157790927021697,0.0,0.4990138067061144,0.2624804099548992,-0.6637080867850098,0.7919132149901381
Mark 38,aggr_sell,same,HYDROGEL_PACK,20,507,0.10157790927021697,0.0,0.4990138067061144,0.2624804099548992,-0.6637080867850098,0.7919132149901381
Mark 49,as_seller,to_hydro,x,100,104,-0.3798076923076923,-1.0,0.4326923076923077,-0.24868438622249275,-3.0865384615384617,2.1346153846153846
Mark 55,as_buyer,to_hydro,x,100,595,0.1815126050420168,0.0,0.4689075630252101,0.2481993922048094,-1.2025210084033613,1.5672268907563025
Mark 55,as_seller,to_hydro,x,20,600,-0.08166666666666667,0.0,0.485,-0.23586624106849938,-0.7683333333333333,0.6191666666666666
Mark 14,as_buyer,same,VEV_4000,100,231,-0.10606060606060606,-1.0,0.45021645021645024,-0.1785914400965127,-1.2943722943722944,1.121212121212121
Mark 22,as_buyer,to_hydro,x,5,42,0.09523809523809523,0.0,0.47619047619047616,0.15358868909652734,-1.0,1.2738095238095237
Mark 01,as_seller,to_hydro,x,20,244,-0.07581967213114754,0.0,0.48770491803278687,-0.14408163219650014,-1.0532786885245902,0.9713114754098361
Mark 38,as_buyer,to_hydro,x,100,726,-0.06680440771349862,0.0,0.49449035812672176,-0.09741176133393438,-1.4579889807162534,1.3257575757575757
Mark 01,as_buyer,same,VEV_5300,100,131,0.026717557251908396,0.0,0.48854961832061067,0.09438270074145173,-0.46946564885496184,0.5572519083969466
Mark 38,as_seller,same,VEV_4000,100,232,-0.05387931034482758,-1.0,0.4525862068965517,-0.09076619605406931,-1.1702586206896552,1.1012931034482758
Mark 38,aggr_sell,same,VEV_4000,100,232,-0.05387931034482758,-1.0,0.4525862068965517,-0.09076619605406931,-1.1702586206896552,1.1012931034482758
Mark 38,as_seller,to_hydro,x,5,745,0.013422818791946308,0.0,0.46174496644295304,0.08291009678198977,-0.2959731543624161,0.29395973154362415
Mark 14,as_buyer,same,VEV_5200,100,33,-0.09090909090909091,0.5,0.5151515151515151,-0.0820854689623841,-2.3636363636363638,2.0454545454545454
Mark 01,as_seller,to_hydro,x,5,244,0.018442622950819672,0.0,0.45491803278688525,0.07006002129989344,-0.5040983606557377,0.5102459016393442
Mark 38,as_seller,same,HYDROGEL_PACK,5,507,0.011834319526627219,0.0,0.4635108481262327,0.0591147406905954,-0.3767258382642998,0.40927021696252464
Mark 38,aggr_sell,same,HYDROGEL_PACK,5,507,0.011834319526627219,0.0,0.4635108481262327,0.0591147406905954,-0.3767258382642998,0.40927021696252464
Mark 01,as_buyer,same,VEV_5400,100,260,0.0038461538461538464,0.0,0.4153846153846154,0.042481044090478634,-0.1673076923076923,0.18269230769230768
Mark 14,as_buyer,same,VEV_5200,20,33,0.015151515151515152,-0.5,0.42424242424242425,0.02588739206762294,-1.196969696969697,1.0606060606060606
Mark 01,as_seller,same,VELVETFRUIT_EXTRACT,20,244,0.006147540983606557,0.0,0.47540983606557374,0.02254841886603109,-0.5942622950819673,0.5737704918032787
Mark 01,as_seller,to_extract,x,20,244,0.006147540983606557,0.0,0.47540983606557374,0.02254841886603109,-0.5942622950819673,0.5737704918032787
Mark 01,as_buyer,same,VELVETFRUIT_EXTRACT,20,260,0.0057692307692307696,-0.5,0.45384615384615384,0.021367183292013647,-0.5326923076923077,0.5326923076923077
Mark 01,as_seller,same,VELVETFRUIT_EXTRACT,5,244,-0.0020491803278688526,0.0,0.4180327868852459,-0.015143055493129122,-0.24385245901639344,0.26844262295081966
Mark 01,as_seller,to_extract,x,5,244,-0.0020491803278688526,0.0,0.4180327868852459,-0.015143055493129122,-0.24385245901639344,0.26844262295081966
Mark 55,as_seller,to_hydro,x,100,595,0.007563025210084034,-1.0,0.4722689075630252,0.00995351775913301,-1.4042016806722688,1.469747899159664
Mark 01,as_buyer,same,VEV_6000,5,317,0.0,0.0,0.0,,0.0,0.0
Mark 22,as_seller,same,VEV_6000,5,317,0.0,0.0,0.0,,0.0,0.0
Mark 22,aggr_sell,same,VEV_6000,5,317,0.0,0.0,0.0,,0.0,0.0
Mark 01,as_buyer,same,VEV_6000,20,317,0.0,0.0,0.0,,0.0,0.0
Mark 22,as_seller,same,VEV_6000,20,317,0.0,0.0,0.0,,0.0,0.0
Mark 22,aggr_sell,same,VEV_6000,20,317,0.0,0.0,0.0,,0.0,0.0
Mark 01,as_buyer,same,VEV_6500,5,317,0.0,0.0,0.0,,0.0,0.0
Mark 22,as_seller,same,VEV_6500,5,317,0.0,0.0,0.0,,0.0,0.0
Mark 22,aggr_sell,same,VEV_6500,5,317,0.0,0.0,0.0,,0.0,0.0
Mark 01,as_buyer,same,VEV_6500,20,317,0.0,0.0,0.0,,0.0,0.0
Mark 22,as_seller,same,VEV_6500,20,317,0.0,0.0,0.0,,0.0,0.0
Mark 22,aggr_sell,same,VEV_6500,20,317,0.0,0.0,0.0,,0.0,0.0
Mark 01,as_buyer,same,VEV_6000,100,314,0.0,0.0,0.0,,0.0,0.0
Mark 22,as_seller,same,VEV_6000,100,314,0.0,0.0,0.0,,0.0,0.0
Mark 22,aggr_sell,same,VEV_6000,100,314,0.0,0.0,0.0,,0.0,0.0
Mark 01,as_buyer,same,VEV_6500,100,314,0.0,0.0,0.0,,0.0,0.0
Mark 22,as_seller,same,VEV_6500,100,314,0.0,0.0,0.0,,0.0,0.0
Mark 22,aggr_sell,same,VEV_6500,100,314,0.0,0.0,0.0,,0.0,0.0
