day,timestamp,n_vev
1,4500,4
1,9600,4
1,11800,3
1,14800,5
1,16700,5
1,38500,3
1,40400,5
1,43400,4
1,50700,4
1,52800,4
1,74100,5
1,85300,4
1,86100,4
1,89800,4
1,120300,4
1,127200,3
1,135900,5
1,145500,4
1,150600,5
1,153000,4
1,170400,4
1,170500,3
1,172500,5
1,190100,5
1,195600,5
1,235300,4
1,252500,5
1,304000,4
1,310100,3
1,322000,4
1,322600,3
1,350300,4
1,376600,5
1,377900,3
1,399700,4
1,410400,4
1,428000,4
1,437100,4
1,455700,4
1,460400,4
1,476500,4
1,489700,5
1,502700,3
1,519500,5
1,524000,3
1,547600,3
1,548400,3
1,553100,4
1,564300,5
1,567200,4
1,568900,5
1,574800,4
1,575800,3
1,588200,5
1,604600,5
1,617900,5
1,618300,5
1,624400,5
1,631700,3
1,636100,4
1,642100,5
1,654200,4
1,674000,5
1,684000,4
1,701200,4
1,703200,4
1,710500,4
1,715000,4
1,720500,4
1,725000,5
1,735100,3
1,741900,4
1,746300,3
1,754200,4
1,760000,4
1,785800,4
1,798100,4
1,800400,4
1,801800,4
1,807800,5
1,812600,5
1,813000,3
1,824800,3
1,851200,4
1,865400,4
1,868800,3
1,901100,4
1,921000,4
1,928400,3
1,937300,4
1,943100,4
1,948500,5
1,950300,4
1,988100,5
1,990300,3
2,13100,4
2,20900,5
2,23500,4
2,29500,4
2,41900,4
2,42900,4
2,45100,3
2,52900,3
2,75200,5
2,79300,4
2,102600,3
2,105500,4
2,129700,5
2,169000,5
2,171800,4
2,189100,5
2,204400,5
2,225500,4
2,239400,4
2,253000,4
2,268900,4
2,272000,3
2,275200,4
2,287100,4
2,287600,4
2,289300,4
2,294600,3
2,316700,4
2,317500,4
2,320800,5
2,321600,5
2,341400,3
2,347800,4
2,350700,4
2,358500,5
2,362600,4
2,365600,5
2,373800,3
2,376300,4
2,389000,5
2,390300,5
2,398200,4
2,410200,4
2,414900,5
2,415500,4
2,423800,4
2,433100,5
2,443600,4
2,456200,4
2,461200,4
2,483400,4
2,495700,4
2,501900,5
2,508800,4
2,519600,5
2,548600,3
2,554600,4
2,555700,4
2,566700,4
2,575100,4
2,587100,4
2,588500,5
2,593000,4
2,604100,5
2,622600,4
2,642400,4
2,644500,4
2,666500,5
2,688600,4
2,691100,4
2,695800,3
2,711900,5
2,726600,4
2,733200,4
2,748500,4
2,763500,4
2,764000,4
2,779200,5
2,793900,4
2,808800,4
2,825900,4
2,826400,5
2,836300,4
2,872600,5
2,876500,4
2,898600,4
2,910900,3
2,924200,3
2,934900,4
2,948000,3
2,948500,4
2,972800,3
2,977300,3
2,977500,4
2,993800,5
3,32900,5
3,33600,4
3,37000,4
3,40200,3
3,45600,4
3,47200,4
3,54400,4
3,69900,4
3,70100,4
3,70300,4
3,74300,4
3,87300,4
3,92200,5
3,98900,5
3,118700,4
3,126600,4
3,128700,5
3,132100,4
3,137700,5
3,142700,4
3,144800,4
3,155400,5
3,166000,4
3,172300,3
3,218300,5
3,220800,5
3,222400,6
3,243700,5
3,250200,4
3,253400,3
3,269000,4
3,273400,3
3,289400,5
3,290900,5
3,315800,5
3,317200,5
3,319700,5
3,320200,4
3,328700,5
3,329200,3
3,332600,5
3,346200,4
3,350300,4
3,363100,6
3,364700,5
3,369800,5
3,385400,5
3,389100,5
3,391400,5
3,396000,4
3,428900,5
3,431900,6
3,442200,5
3,451300,4
3,456600,5
3,459800,5
3,483900,4
3,485500,4
3,498100,4
3,511800,6
3,516400,5
3,524000,6
3,529600,4
3,531500,5
3,535400,5
3,535900,6
3,547600,4
3,551600,4
3,555100,5
3,556400,4
3,565600,4
3,580600,5
3,583100,4
3,584300,5
3,612700,5
3,614800,4
3,621000,4
3,622500,5
3,624200,4
3,627700,5
3,631300,5
3,631500,5
3,634500,4
3,642500,4
3,666500,4
3,666700,3
3,671800,5
3,671900,5
3,678700,4
3,689900,5
3,699400,5
3,700300,4
3,705400,5
3,708800,5
3,728500,4
3,730000,5
3,741100,5
3,753700,5
3,766900,4
3,777600,4
3,784100,4
3,785100,4
3,788300,4
3,793100,4
3,807400,4
3,820200,5
3,826200,4
3,834400,5
3,837500,4
3,839800,4
3,842200,4
3,864100,5
3,868300,5
3,877600,5
3,878300,4
3,890900,6
3,894300,5
3,918500,5
3,937000,4
3,937400,4
3,943900,3
3,977300,5
3,983300,4
3,997100,4
