tape_day,timestamp,strike,S,mid_option,iv,delta,gamma,spread,tte_days
0,0,5400,5250.0,23.0,0.23988127613598126,0.21902663890192703,0.0015840488999927058,2,8
0,0,6500,5250.0,0.5,0.5354544587340704,0.003970721430069157,2.8279579046083826e-05,1,8
0,0,5500,5250.0,8.5,0.23983891218608677,0.09810963828637087,0.0009283954651448217,1,8
0,0,5200,5250.0,101.5,0.2392285652757541,0.613289245447652,0.0020584499878460766,3,8
0,0,5300,5250.0,53.0,0.2419514003033788,0.40256601513651974,0.002057818784502518,2,8
0,0,4500,5250.0,750.0,0.14160277630088708,0.9999999999999105,6.092532522605808e-15,16,8
0,0,5000,5250.0,257.0,0.2393291457435987,0.918451244202907,0.0008108615138008289,6,8
0,0,4000,5250.0,1250.0,0.23938074034291912,0.9999999999999927,3.0691818768743443e-16,20,8
0,0,5100,5250.0,171.5,0.24005218590950472,0.7976976174919092,0.001510832998109909,5,8
0,0,6000,5250.0,0.5,0.3534110796918585,0.0057687977045964844,5.9778838713114465e-05,1,8
0,50000,4000,5238.0,1238.0,0.23151685365966823,0.9999999999999984,7.060029365276189e-17,20,8
0,50000,5100,5238.0,162.0,0.23988520694602278,0.7792155888915309,0.0015949514966533804,4,8
0,50000,5000,5238.0,246.0,0.23902515946336506,0.9085357061991386,0.000886655541006752,6,8
0,50000,6500,5238.0,0.5,0.5406674422874627,0.0039446018669286875,2.7905635268468057e-05,1,8
0,50000,6000,5238.0,0.5,0.3588377752177301,0.0057021950887460315,5.840460957935845e-05,1,8
0,50000,4500,5238.0,738.0,0.12428784419306182,1.0,6.2063293647163715e-18,16,8
0,50000,5500,5238.0,7.5,0.2407466940520141,0.08825253497973429,0.0008572340767570801,1,8
0,50000,5400,5238.0,20.5,0.2399553053652348,0.2005523402758851,0.001507038102111451,1,8
0,50000,5300,5238.0,48.0,0.24087699366622517,0.3774672132165414,0.0020342006378205307,2,8
0,50000,5200,5238.0,93.5,0.23661081792595,0.5891550199521911,0.002119736912747624,3,8
0,100000,6000,5237.5,0.5,0.35906400392741356,0.005699461427479402,5.834854130614341e-05,1,8
0,100000,5000,5237.5,246.0,0.24253228897514423,0.9049680982910822,0.0008989786703762534,6,8
0,100000,4000,5237.5,1237.5,0.2347475968983353,0.9999999999999962,1.6575932122844053e-16,21,8
0,100000,5100,5237.5,161.5,0.2394052167384743,0.7788529725117743,0.001599803866747882,5,8
0,100000,4500,5237.5,738.0,0.4024376439626677,0.995018177507049,4.618813884113891e-05,16,8
0,100000,5200,5237.5,92.5,0.23427179394252995,0.588824306448627,0.0021415147733971343,3,8
0,100000,5300,5237.5,46.0,0.23471443705634187,0.37296655419602925,0.0020799433226898903,2,8
0,100000,5400,5237.5,20.0,0.2381066719730494,0.1978984453159715,0.0015067459037805182,2,8
0,100000,6500,5237.5,0.5,0.5408848312433092,0.00394352379656715,2.7890253174586e-05,1,8
0,100000,5500,5237.5,7.5,0.24110221646189184,0.08815194936374615,0.0008553243626265978,1,8
0,150000,6000,5228.5,0.5,0.36313774340865557,0.005650807998121732,5.735507738971215e-05,1,8
0,150000,4000,5228.5,1228.5,0.2316056177405017,0.9999999999999976,1.0973072387811856e-16,21,8
0,150000,5100,5228.5,154.0,0.23706684523954508,0.7662500305506548,0.0016696909882828407,4,8
0,150000,5000,5228.5,237.0,0.23598105294581873,0.9026082158306648,0.0009423658985941651,6,8
0,150000,6500,5228.5,0.5,0.5448003280861786,0.003924256502733259,2.7616042304670168e-05,1,8
0,150000,5300,5228.5,43.0,0.23566164089631014,0.35499875175747936,0.002040884817798175,2,8
0,150000,5200,5228.5,86.5,0.23168142398959995,0.5700511234992719,0.00219017199696267,3,8
0,150000,5500,5228.5,6.5,0.23900718669909077,0.07882889973958607,0.0007946544394168398,1,8
0,150000,5400,5228.5,17.5,0.23430516288253017,0.18060108264971098,0.0014498226583943773,1,8
0,150000,4500,5228.5,728.5,0.1341245126306106,0.9999999999999808,1.4215570256849337e-15,15,8
0,200000,4500,5230.5,730.5,0.13480890586872069,0.9999999999999778,1.633932719847732e-15,15,8
0,200000,5400,5230.5,17.0,0.23007085582789244,0.1789730455226189,0.0014675689161753964,2,8
0,200000,6500,5230.5,0.5,0.5439298081592614,0.0039285156540441735,2.7676544417002426e-05,1,8
0,200000,5500,5230.5,6.5,0.2376212942616251,0.07918595938039175,0.0008017230812279027,1,8
0,200000,5200,5230.5,88.0,0.23285261713095856,0.5741240329556385,0.0021742186000400423,2,8
0,200000,5300,5230.5,43.0,0.23319271083680554,0.3575235725255604,0.0020668560847068376,2,8
0,200000,5000,5230.5,239.0,0.2374415540745437,0.9031442097464701,0.0009324270873011218,6,8
0,200000,4000,5230.5,1230.5,0.23358545484093934,0.9999999999999962,1.6703019099052493e-16,21,8
0,200000,5100,5230.5,156.0,0.23903468820444612,0.7678146180897489,0.0016491491739568786,4,8
0,200000,6000,5230.5,0.5,0.3622322005413374,0.005661530218141253,5.757329524516979e-05,1,8
0,250000,5500,5247.5,8.5,0.24166133244753263,0.09754007774195383,0.0009179073730854327,1,8
0,250000,5400,5247.5,19.5,0.22660631507987467,0.20125853686000822,0.0015962892726040596,1,8
0,250000,5300,5247.5,50.0,0.2352691087083264,0.3941971742902085,0.002105482403255837,2,8
0,250000,5200,5247.5,98.0,0.23261133831335506,0.6107475031279355,0.0021220192294980015,2,8
0,250000,6500,5247.5,0.5,0.5365398099912333,0.003965240639154266,2.8200911175765892e-05,1,8
0,250000,6000,5247.5,0.5,0.3545412029194752,0.005754762736414065,5.948794349303357e-05,1,8
0,250000,4000,5247.5,1247.5,0.24414795738111567,0.9999999999999742,1.0379883385595763e-15,21,8
0,250000,5100,5247.5,169.0,0.2377395505283985,0.7960673439536825,0.0015335876442462823,4,8
0,250000,5000,5247.5,254.0,0.23326798841097246,0.9216515171437711,0.0008075074276292981,6,8
0,300000,5200,5256.5,103.5,0.23233163061923817,0.6298234695723757,0.002088623351796988,3,8
0,300000,5300,5256.5,53.0,0.2331789222002435,0.41236203220451867,0.002145232652137269,2,8
0,300000,5400,5256.5,21.5,0.22714613142749407,0.21648871126225394,0.0016595955310190712,1,8
0,300000,6500,5256.5,0.5,0.5326342285444361,0.003985069397919927,2.8486027648145442e-05,1,8
0,300000,5500,5256.5,9.0,0.23871521118792272,0.10318008819094365,0.0009664923989958441,2,8
0,300000,6000,5256.5,0.5,0.3504738207635534,0.00580569027343486,6.05468218074236e-05,1,8
0,300000,5000,5256.5,262.0,0.23014154226849526,0.9312727227428175,0.0007391692244538063,6,8
0,300000,4000,5256.5,1256.5,0.24037377104179775,0.9999999999999929,2.979784516352151e-16,21,8
0,300000,5100,5256.5,176.5,0.2390334218411037,0.8083388115413874,0.0014666282283625138,5,8
0,350000,4000,5269.5,1269.5,0.23948360713292727,0.9999999999999967,1.395453145692749e-16,21,8
0,350000,5100,5269.5,187.5,0.24088083369447605,0.8250135048013668,0.0013716704286559677,5,8
0,350000,5000,5269.5,274.0,0.22832157298513134,0.9417901886274325,0.0006530736115102859,6,8
0,350000,6000,5269.5,0.5,0.3446038071022153,0.005881263973420148,6.213508511532997e-05,1,8
0,350000,6500,5269.5,0.5,0.5270010146214816,0.004014196573147555,2.89073855523887e-05,1,8
0,350000,5300,5269.5,58.5,0.23304013262778872,0.44037013182229723,0.0021698192263471293,3,8
0,350000,5200,5269.5,112.0,0.23281047875876265,0.6563200248184832,0.00202567972331528,4,8
0,350000,5500,5269.5,10.5,0.23920347961674882,0.11678049445583144,0.0010515582523890332,1,8
0,350000,5400,5269.5,23.5,0.2231686529562792,0.2345591748370463,0.001763244249676976,1,8
0,400000,5000,5259.5,265.0,0.23214049972047351,0.9318146476468223,0.0007279269348943216,6,8
0,400000,4000,5259.5,1259.5,0.2404769092076633,0.9999999999999936,2.698609487832545e-16,21,8
0,400000,5100,5259.5,179.0,0.23935991717977118,0.8123935459566489,0.0014446637006932418,4,8
0,400000,6000,5259.5,0.5,0.3491186740945209,0.005822916199967998,6.0907061963716254e-05,1,8
0,400000,5400,5259.5,21.0,0.22211252804496845,0.21614498698096613,0.0016946783413956238,2,8
0,400000,6500,5259.5,0.5,0.5313334009308894,0.0039917396607328515,2.858225379236652e-05,1,8
0,400000,5500,5259.5,9.5,0.24001389063648548,0.10738577116682274,0.0009888902648451578,1,8
0,400000,5200,5259.5,105.5,0.23267754685857744,0.6358950242635497,0.0020729533249027134,3,8
0,400000,5300,5259.5,54.0,0.23236766057112923,0.4184808976139602,0.0021587187315604485,2,8
0,450000,4500,5244.5,748.5,0.5372413787811026,0.975275257094449,0.00013881723894254312,9,8
0,450000,5500,5244.5,7.5,0.23611849390667256,0.08958710286850108,0.000882762436326276,1,8
0,450000,5400,5244.5,17.5,0.22000657783842625,0.1892142147858359,0.0015845600556589044,1,8
0,450000,6000,5244.5,0.5,0.3558976535271434,0.005738032407175964,5.914209550421529e-05,1,8
0,450000,5300,5244.5,48.0,0.232487626370319,0.386429839769882,0.0021199071060785395,2,8
0,450000,5200,5244.5,97.0,0.23536095598174583,0.6033295027532428,0.002109453836829746,2,8
0,450000,4000,5244.5,1249.5,0.9076975758856827,0.9813736842642562,6.466993682320125e-05,11,8
0,450000,5100,5244.5,167.5,0.2416735441387669,0.7877903613175683,0.0015453554501696676,3,8
0,450000,5000,5244.5,252.5,0.24367666064945426,0.910109306993923,0.000857535600684005,3,8
0,450000,6500,5244.5,0.5,0.5378427078746326,0.003958691063781994,2.8107042988088096e-05,1,8
0,500000,4500,5249.5,750.0,0.4077766175063515,0.9950891028115474,4.490189369713902e-05,16,8
0,500000,5200,5249.5,99.5,0.23353441485297027,0.6145944371231711,0.0021067583100982863,3,8
0,500000,5300,5249.5,50.0,0.23262541375742096,0.39713287169488726,0.0021328954626109566,2,8
0,500000,5400,5249.5,18.5,0.22016392612482688,0.19741047223765795,0.0016233922788032116,1,8
0,500000,6500,5249.5,0.5,0.5356715001562182,0.00396962360678671,2.8263813001264597e-05,1,8
0,500000,5500,5249.5,8.5,0.2402035537102441,0.09799504993757957,0.0009262808956778631,1,8
0,500000,6000,5249.5,0.5,0.35363708607407673,0.005765983903953165,5.972046260856448e-05,1,8
0,500000,5000,5249.5,256.0,0.23464517722452888,0.922069238462153,0.0007992146803593611,6,8
0,500000,4000,5249.5,1249.5,0.2447804115777471,0.9999999999999725,1.1061055423070365e-15,21,8
0,500000,5100,5249.5,170.5,0.23730292368715816,0.7995348155539309,0.0015201473418087288,5,8
0,550000,6500,5242.5,0.5,0.5387115958036015,0.003954341179514154,2.804478511399357e-05,1,8
0,550000,5300,5242.5,47.0,0.2317059061095556,0.38176625113227797,0.0021202273312022064,2,8
0,550000,5200,5242.5,95.5,0.2343690571323847,0.59945758306066,0.0021246591641651768,3,8
0,550000,5500,5242.5,7.5,0.23754383852277422,0.08917105192272329,0.0008747660320870671,1,8
0,550000,5400,5242.5,17.0,0.21940597474445195,0.18538330081530136,0.0015695290205403139,2,8
0,550000,4500,5242.5,743.0,0.4046647167624404,0.9950479785372257,4.564550707940522e-05,16,8
0,550000,4000,5242.5,1242.5,0.24141936369117012,0.9999999999999836,6.777972716022405e-16,21,8
0,550000,5100,5242.5,164.5,0.23533375017182495,0.790569109693966,0.0015753668640441781,5,8
0,550000,5000,5242.5,249.0,0.22981485388349332,0.9205846329398466,0.0008288720631979108,6,8
0,550000,6000,5242.5,0.5,0.3568021386668382,0.005726945894880542,5.891346280466197e-05,1,8
0,600000,5000,5246.0,253.0,0.23654205250107735,0.9175810016877393,0.000827634399414333,6,8
0,600000,5100,5246.0,167.0,0.23407431365678838,0.79724446404867,0.001552674043426782,4,8
0,600000,6000,5246.0,0.5,0.3552193867899609,0.0057463824233595084,5.931458228926937e-05,1,8
0,600000,4500,5246.0,746.0,0.13783512107480217,0.999999999999974,1.856112085441598e-15,16,8
0,600000,5400,5246.0,16.5,0.2138689692170876,0.18460276592555785,0.0016048766389949278,1,8
0,600000,6500,5246.0,0.5,0.5371911938973137,0.003961962129613195,2.8153904638139124e-05,1,8
0,600000,5500,5246.0,7.5,0.2350487224057955,0.08990237919396393,0.0008888448505124415,1,8
0,600000,5200,5246.0,97.5,0.2339970667094154,0.6070175417586249,0.00211572889199094,3,8
0,600000,5300,5246.0,48.0,0.2305331244557195,0.38859032665121357,0.0021407176431672142,2,8
0,650000,6000,5230.0,0.5,0.36245857183988095,0.005658844903273952,5.7518605634026796e-05,1,8
0,650000,4000,5230.0,1230.0,0.23593654378233586,0.9999999999999929,3.0666674428831055e-16,20,8
0,650000,5100,5230.0,155.0,0.23642503356520755,0.7693248521854379,0.0016614551981611392,4,8
0,650000,5000,5230.0,238.0,0.2332631086862843,0.9065100357466997,0.0009248155131733533,6,8
0,650000,5500,5230.0,6.5,0.23796786024223843,0.07909631369508957,0.0007999455881268579,1,8
0,650000,5400,5230.0,14.0,0.21521275266742196,0.16156932999755236,0.0014694762832855046,2,8
0,650000,5300,5230.0,42.0,0.23034447080226667,0.3546382248545422,0.002086644182246095,2,8
0,650000,5200,5230.0,88.0,0.23379687447374448,0.5727996381634106,0.0021669993005144304,2,8
0,650000,6500,5230.0,0.5,0.544147416155699,0.003927449669011929,2.766139581985035e-05,1,8
0,650000,4500,5230.0,730.0,0.13508959162393674,0.999999999999974,1.9020126826270518e-15,16,8
0,700000,6000,5250.5,0.5,0.3531850824159527,0.005771614921256052,5.9837313810686675e-05,1,8
0,700000,5000,5250.5,256.0,0.22612920646198842,0.930159205860167,0.000762527340329608,6,8
0,700000,4000,5250.5,1250.5,0.24294454007392302,0.9999999999999829,6.985356583526056e-16,21,8
0,700000,5100,5250.5,171.0,0.23591584814390398,0.8023783291986946,0.0015156906066147165,4,8
0,700000,5200,5250.5,99.5,0.2314589961471838,0.6175971922884052,0.002120316584568561,3,8
0,700000,5300,5250.5,49.0,0.2279638100202243,0.39698407625210014,0.002175877108683015,2,8
0,700000,5400,5250.5,17.5,0.21458850147751468,0.1927366262693293,0.0016411746053855848,1,8
0,700000,6500,5250.5,0.5,0.5352374317140305,0.003971820087738387,2.8295361372195794e-05,1,8
0,700000,5500,5250.5,8.0,0.23570958379355128,0.09460377683744525,0.0009196448102205991,2,8
0,750000,4500,5277.5,778.0,0.4201551426947675,0.9952469626892414,4.210345211695606e-05,16,8
0,750000,6500,5277.5,0.5,0.5235391848585174,0.0040324126768588875,2.9172438627840583e-05,1,8
0,750000,5300,5277.5,61.0,0.22951498198539622,0.45691248982738303,0.002211715760990272,2,8
0,750000,5200,5277.5,116.5,0.2299185825108303,0.6742354451237418,0.002005469155046764,3,8
0,750000,5500,5277.5,11.5,0.23939908680024008,0.12560176072690798,0.0011042442721146714,1,8
0,750000,5400,5277.5,23.0,0.21323338997304303,0.23851293321016293,0.0018596296962062533,2,8
0,750000,4000,5277.5,1278.0,0.6934512103777803,0.9970294720917166,1.673695668029963e-05,22,8
0,750000,5100,5277.5,192.5,0.2322357155897073,0.8442915554067518,0.001317203282187211,5,8
0,750000,5000,5277.5,282.5,0.2388746579557845,0.9388324164366338,0.0006479574817297212,7,8
0,750000,6000,5277.5,0.5,0.34099439570768986,0.005928997554591142,6.314868865367972e-05,1,8
0,800000,5400,5248.5,16.5,0.21163708681626336,0.186046875501175,0.001628890657164297,1,8
0,800000,6500,5248.5,0.5,0.5361056262318393,0.003967430459700938,2.8232329663568105e-05,1,8
0,800000,5500,5248.5,8.5,0.24093259997867705,0.0977668907955287,0.0009220772811686363,1,8
0,800000,5200,5248.5,96.5,0.22550464982315782,0.6159154897574853,0.0021799820811189193,3,8
0,800000,5300,5248.5,48.0,0.2272593845339576,0.3922732589818295,0.0021763230841156324,2,8
0,800000,5000,5248.5,254.5,0.22946557166131903,0.9257399283073154,0.0007879324082631208,7,8
0,800000,4000,5248.5,1248.5,0.24027284018645456,0.9999999999999902,4.045871139853147e-16,21,8
0,800000,5100,5248.5,169.0,0.2340837964167755,0.8010938305845079,0.0015341226703800403,4,8
0,800000,6000,5248.5,0.5,0.35408912620815436,0.0057603665256582,5.960400645163139e-05,1,8
0,850000,4000,5252.5,1252.5,0.23109980382407042,0.9999999999999993,3.320973510681543e-17,21,8
0,850000,5100,5252.5,172.0,0.23306513593859696,0.8081661667716002,0.0015061610230004796,4,8
0,850000,5000,5252.5,258.0,0.22746880928100205,0.9305348725752047,0.0007546082428187917,6,8
0,850000,6500,5252.5,0.5,0.5343694675288133,0.003976223080676633,2.8358653950565484e-05,1,8
0,850000,5500,5252.5,8.5,0.23801450909315303,0.0986877327813141,0.0009390979289334711,1,8
0,850000,5400,5252.5,17.5,0.21277515042450518,0.19395009851602663,0.0016608797550277448,1,8
0,850000,6000,5252.5,0.5,0.35228118412134757,0.005782918073959864,6.007220879357255e-05,1,8
0,850000,5300,5252.5,50.0,0.22863445643423136,0.4016631156240372,0.0021753822737228296,2,8
0,850000,5200,5252.5,99.0,0.22556886784095131,0.6245714024481963,0.0021625950485553067,2,8
0,900000,6000,5257.5,0.5,0.35002206958345383,0.005811418183741368,6.066649098220506e-05,1,8
0,900000,5000,5257.5,262.5,0.22582939476990582,0.9355865626976545,0.0007162808760913486,7,8
0,900000,4000,5257.5,1257.5,0.23190525428515557,0.9999999999999993,3.303147438575103e-17,21,8
0,900000,5100,5257.5,175.5,0.23035437759129507,0.8183001795717086,0.0014721367071964672,5,8
0,900000,5200,5257.5,102.5,0.2267658927913419,0.6347089773867558,0.002130127653460879,3,8
0,900000,5300,5257.5,51.0,0.22521566371746038,0.411067937587449,0.002219014872284486,2,8
0,900000,5400,5257.5,18.5,0.21281759531550404,0.20240707229827154,0.0017022721342082481,1,8
0,900000,6500,5257.5,0.5,0.5322005621264081,0.003987289423038776,2.851803644207115e-05,1,8
0,900000,5500,5257.5,8.5,0.23435960739359019,0.09987035499731262,0.0009611715829757395,1,8
0,950000,5100,5239.0,160.0,0.22756536350494844,0.7924641320754837,0.001621518708492026,2,8
0,950000,5000,5239.0,244.0,0.21357880642760707,0.9322173409471088,0.0007906610247320134,2,8
0,950000,6000,5239.0,0.5,0.3583853460077394,0.0057076722266127256,5.851702718548762e-05,1,8
0,950000,6500,5239.0,0.5,0.5402327080275497,0.003946760446714048,2.793644670139676e-05,1,8
0,950000,5300,5239.0,45.0,0.2294022439772015,0.37301694139521796,0.0021275903216581705,2,8
0,950000,5200,5239.0,90.5,0.22468044931387787,0.5953250393001874,0.002223606665145326,1,8
0,950000,5500,5239.0,6.5,0.23171995617791113,0.08075003870527586,0.0008330368061182889,1,8
0,950000,5400,5239.0,15.5,0.2151394521380785,0.17505032744560883,0.0015450888838374564,1,8
1,0,6000,5245.0,0.5,0.38022888642192154,0.005740812389823269,5.9199494318926795e-05,1,7
1,0,5000,5245.0,251.0,0.24275996979185788,0.9250311437332517,0.0008025346196046351,6,7
1,0,6500,5245.0,0.5,0.5747458588661198,0.003959780593492335,2.8122647477238233e-05,1,7
1,0,5300,5245.0,47.0,0.24424582927023808,0.38533752235993807,0.0021551839761323,2,7
1,0,5400,5245.0,16.5,0.22958829483393228,0.184033395852865,0.0015954518783775338,1,7
1,0,4000,5245.0,1245.0,0.2516999408776781,0.9999999999999967,1.4326883932859552e-16,20,7
1,0,5100,5245.0,165.0,0.24434634197438532,0.8010589108060683,0.0015723789779087756,4,7
1,0,5200,5245.0,95.5,0.24516615313702111,0.6067142683678008,0.0021596409804479372,3,7
1,0,5500,5245.0,7.5,0.2520401545598657,0.08969188416321444,0.0008847817238576146,1,7
1,0,4500,5245.0,745.0,0.13403645042144519,1.0,6.13587541544179e-18,16,7
1,50000,5500,5247.5,7.5,0.25013331226828417,0.09022047499736113,0.0008950016353340258,1,7
1,50000,5400,5247.5,17.0,0.22976639141502708,0.1882396466340892,0.00161593236272479,2,7
1,50000,5300,5247.5,47.0,0.24076625181324346,0.38901084242601763,0.0021913083087574795,2,7
1,50000,5200,5247.5,96.5,0.2432850817351922,0.6128448618251657,0.0021656364843492346,3,7
1,50000,6000,5247.5,0.5,0.3790204888055383,0.005754762736414398,5.9487943493036196e-05,1,7
1,50000,4000,5247.5,1247.5,0.2534033425043122,0.9999999999999956,1.919456158347974e-16,21,7
1,50000,5100,5247.5,166.5,0.24180397974802686,0.807350759146326,0.0015574769525129814,5,7
1,50000,5000,5247.5,253.0,0.23958976611240707,0.9295870295888601,0.0007746646829329957,6,7
1,50000,6500,5247.5,0.5,0.5735851838148391,0.003965240639153544,2.8200911175761677e-05,1,7
1,100000,5500,5248.5,7.5,0.24937002085435783,0.09043412516269966,0.0008991481203976347,1,7
1,100000,4000,5248.5,1248.5,0.24636663244848223,0.9999999999999993,3.335345235910075e-17,21,7
1,100000,5100,5248.5,167.0,0.24024356010665793,0.8103873398726344,0.0015521001334227065,4,7
1,100000,5200,5248.5,96.5,0.2410746110750548,0.615915489757485,0.0021799820811189137,3,7
1,100000,6500,5248.5,0.5,0.5731210218518326,0.0039674304597006604,2.8232329663566597e-05,1,7
1,100000,5300,5248.5,47.0,0.23936825015938634,0.3905098867426001,0.0022060984540588284,2,7
1,100000,5400,5248.5,17.0,0.228805867518954,0.1888250621605871,0.0016255162450572805,2,7
1,100000,5000,5248.5,254.0,0.24030786159778178,0.9297789270052338,0.0007705838460220491,6,7
1,100000,6000,5248.5,0.5,0.37853719847230705,0.005760366525658256,5.9604006451632205e-05,1,7
1,150000,5200,5267.0,108.0,0.24009560814262637,0.6560332857431318,0.0021014894627260977,4,7
1,150000,6500,5267.0,0.5,0.564545091963365,0.0040085499733671925,2.8825464843153647e-05,1,7
1,150000,4000,5267.0,1267.0,0.2604767212776753,0.9999999999999897,4.23208972523795e-16,22,7
1,150000,5100,5267.0,181.5,0.23602597565949385,0.8418516326063576,0.001402572876359932,5,7
1,150000,5400,5267.0,20.5,0.22750762919770778,0.2189425877281424,0.0017793650393549299,1,7
1,150000,5300,5267.0,54.5,0.23900243136556204,0.4316565818023217,0.0022547891398031167,3,7
1,150000,4500,5267.0,767.0,0.1519934508686303,0.9999999999999649,2.4095625980347258e-15,16,7
1,150000,5500,5267.0,9.0,0.24688755811105056,0.10583739469544656,0.0010155690351262383,2,7
1,150000,6000,5267.0,0.5,0.3696032655590781,0.005866541421095772,6.182408696531903e-05,1,7
1,150000,5000,5267.0,271.5,0.24237012333353625,0.9414098044819338,0.0006613839301468565,7,7
1,200000,5000,5238.5,245.0,0.24271780932260623,0.9197070420677422,0.0008466445361707173,6,7
1,200000,6000,5238.5,0.5,0.3833718791922739,0.005704932019815756,5.846077146695445e-05,1,7
1,200000,5500,5238.5,6.5,0.24809071307507918,0.08065588196514467,0.0008311356349228845,1,7
1,200000,6500,5238.5,0.5,0.5777654253376046,0.003945680750013059,2.7921033103377403e-05,1,7
1,200000,5300,5238.5,43.0,0.23862000636961211,0.36817972700892676,0.0021776072231153827,2,7
1,200000,5400,5238.5,15.5,0.23046155037568622,0.17478513328201573,0.0015406168194697643,1,7
1,200000,4000,5238.5,1238.5,0.2552819201948826,0.9999999999999898,4.295641927475414e-16,21,7
1,200000,5100,5238.5,158.0,0.23548929316608214,0.7989656684998349,0.0016438554008558364,4,7
1,200000,5200,5238.5,89.5,0.23769516827571036,0.5950493409553717,0.0022475779023197126,3,7
1,250000,6000,5266.5,0.5,0.36984455324901266,0.00586360785442247,6.176221029952185e-05,1,7
1,250000,5000,5266.5,270.5,0.23598752300117493,0.9457852461812146,0.0006390221452387293,7,7
1,250000,5400,5266.5,20.0,0.22568427001801378,0.21613061944845596,0.0017805766321422505,2,7
1,250000,5300,5266.5,55.0,0.2414991723009281,0.43137563017076797,0.0022314146601766153,2,7
1,250000,5200,5266.5,107.5,0.23945449308625,0.6553424757161732,0.0021089011301962755,3,7
1,250000,4000,5266.5,1266.5,0.26489799921371526,0.9999999999999719,1.1117542496829499e-15,21,7
1,250000,5100,5266.5,180.5,0.23272380206234256,0.8444483774918496,0.0014071956955599258,5,7
1,250000,6500,5266.5,0.5,0.5647765993045828,0.00400742325663811,2.8809132063811064e-05,1,7
1,250000,5500,5266.5,9.5,0.2509918869530784,0.1092143243789665,0.0010219282670234117,1,7
1,300000,5000,5268.5,272.5,0.2373382614992146,0.9460708753587149,0.0006324941123256829,7,7
1,300000,6000,5268.5,0.5,0.3688794580280196,0.005875363981223125,6.201036185547279e-05,1,7
1,300000,4000,5268.5,1268.5,0.2602158262640193,0.9999999999999909,3.760421644945226e-16,21,7
1,300000,5100,5268.5,183.0,0.23737157536281867,0.8426152569219605,0.001389799536978334,4,7
1,300000,5200,5268.5,108.5,0.2382767335104083,0.6602347090717476,0.0021070830418459955,3,7
1,300000,6500,5268.5,0.5,0.5638506609148746,0.004011935326128202,2.8874565807971905e-05,1,7
1,300000,5300,5268.5,56.0,0.24196133707955336,0.43598856555417714,0.0022306709802405534,2,7
1,300000,5400,5268.5,20.5,0.22598139892012675,0.22002112246792688,0.0017959351617130282,1,7
1,300000,5500,5268.5,9.0,0.24569699701197445,0.10623138818741168,0.0010229422810445839,2,7
1,300000,4500,5268.5,769.0,0.4449239865423287,0.9951973441534829,4.297348166332941e-05,16,7
1,350000,4500,5249.0,749.0,0.1470168625521342,0.9999999999999817,1.3218436010456337e-15,16,7
1,350000,5500,5249.0,7.0,0.24470323228592705,0.08668627045367266,0.000887770440240874,2,7
1,350000,5200,5249.0,96.5,0.2399633914299446,0.6174720306613801,0.002187219915632862,3,7
1,350000,6500,5249.0,0.5,0.5728889639986614,0.003968526616969781,2.82480632147405e-05,1,7
1,350000,4000,5249.0,1249.5,0.7285082736300372,0.9969649701346591,1.7458666014114706e-05,21,7
1,350000,5100,5249.0,166.0,0.23300849591449957,0.8182095292135336,0.0015588597958899695,4,7
1,350000,5400,5249.0,16.5,0.22577165269792282,0.18633930781660996,0.0016337726305778134,1,7
1,350000,5300,5249.0,48.0,0.242247882094756,0.39302253104729146,0.0021835865815066813,2,7
1,350000,6000,5249.0,0.5,0.3782955679759701,0.005763173513057496,5.9662185265134674e-05,1,7
1,350000,5000,5249.0,254.0,0.2354288806177633,0.9340864145107002,0.000748964624879407,6,7
1,400000,6500,5241.5,0.5,0.576371453598582,0.003952171165515717,2.801375191205571e-05,1,7
1,400000,5300,5241.5,45.0,0.2418359786273277,0.37650848114402446,0.002162870485442385,2,7
1,400000,5400,5241.5,14.5,0.2222762388615876,0.17044067173384975,0.0015710194599481736,1,7
1,400000,4000,5241.5,1246.5,0.9686806872548095,0.9813340919516046,6.493702858142227e-05,11,7
1,400000,5100,5241.5,160.0,0.23347031570605936,0.8058227200386203,0.0016227200879081517,2,7
1,400000,5200,5241.5,93.0,0.24377689940501857,0.5996118455614845,0.0021838967733801553,2,7
1,400000,5500,5241.5,6.5,0.24585968548197074,0.08122499648495163,0.0008426583534973773,1,7
1,400000,4500,5241.5,745.0,0.5602171159198539,0.9775106108728031,0.0001314880503337353,8,7
1,400000,5000,5241.5,248.0,0.24494221720832532,0.9203672822312248,0.0008332570473584768,4,7
1,400000,6000,5241.5,0.5,0.38192105800048426,0.005721422604706705,5.8799720865446854e-05,1,7
1,450000,5000,5245.5,251.0,0.23815179993477126,0.9291996605384674,0.000782933696344936,6,7
1,450000,6500,5245.5,0.5,0.5745136929554437,0.003960870948468698,2.8138268019725406e-05,1,7
1,450000,4500,5245.5,746.0,0.4340314481163233,0.9950656876960435,4.532454926199419e-05,16,7
1,450000,5500,5245.5,6.5,0.24288093292884494,0.08199972070338335,0.0008584648924222502,1,7
1,450000,5400,5245.5,15.5,0.22389238908983788,0.17859733136443728,0.0016054564695616085,1,7
1,450000,5300,5245.5,46.0,0.2399507055014533,0.38421039063305834,0.0021916582749613844,2,7
1,450000,5200,5245.5,94.5,0.24049329954784499,0.6095841090140454,0.0021968842966632804,3,7
1,450000,6000,5245.5,0.5,0.3799871872123882,0.005743595726510842,5.9256989838722357e-05,1,7
1,450000,4000,5245.5,1245.5,0.2588111593989201,0.9999999999999829,7.023219500649566e-16,21,7
1,450000,5100,5245.5,162.5,0.22968478407467463,0.8160134760211333,0.001594376738469327,5,7
1,500000,5000,5243.5,248.0,0.22607816468933617,0.9375412902329685,0.0007487592024171261,6,7
1,500000,6000,5243.5,0.5,0.3809540433244516,0.005732482479540502,5.902758709032372e-05,1,7
1,500000,5500,5243.5,5.5,0.2348737600566484,0.07324464512470075,0.0008151009103301764,1,7
1,500000,4000,5243.5,1243.5,0.25503072709723107,0.9999999999999922,3.297335417761895e-16,21,7
1,500000,5100,5243.5,160.0,0.22518899578044588,0.8173713431409351,0.001619330862411524,4,7
1,500000,5200,5243.5,91.5,0.23410206176976328,0.6076391885767731,0.002260876797989306,3,7
1,500000,6500,5243.5,0.5,0.575442449406891,0.003956514476537276,2.807588207953402e-05,1,7
1,500000,5300,5243.5,45.0,0.2390970094754073,0.3793728941816333,0.002191941978250344,2,7
1,500000,5400,5243.5,15.0,0.22311229172661612,0.17453527401737912,0.0015884034752794273,2,7
1,550000,6000,5234.0,0.5,0.38554878980906426,0.005680416858878878,5.795866654214495e-05,1,7
1,550000,5000,5234.0,239.5,0.2298365596983537,0.926875177287072,0.0008334322027969674,5,7
1,550000,5200,5234.0,86.0,0.23470394350161183,0.5858029935613005,0.0022906069088649353,2,7
1,550000,6500,5234.0,0.5,0.5798574330745443,0.003935999986102778,2.7783017422872164e-05,1,7
1,550000,4000,5234.0,1234.0,0.25590356162667394,0.9999999999999858,5.941669356952408e-16,20,7
1,550000,5100,5234.0,152.0,0.22365356058778002,0.8031277693364047,0.0017106317735041555,4,7
1,550000,5400,5234.0,12.5,0.2178721984707267,0.1539230849194117,0.0015019721224346517,1,7
1,550000,5300,5234.0,42.0,0.24096296448883092,0.35985910537570476,0.002141721330790486,2,7
1,550000,4500,5234.0,734.0,0.14525916143988665,0.9999999999999729,1.9697307900657425e-15,16,7
1,550000,5500,5234.0,5.5,0.24175460460791004,0.07160493657834305,0.0007796958933698748,1,7
1,600000,5500,5234.5,5.0,0.23622742013216974,0.06732044144430338,0.0007608361195710533,2,7
1,600000,6500,5234.5,0.5,0.5796249254157257,0.003937072392114882,2.779828994347014e-05,1,7
1,600000,5300,5234.5,42.0,0.2402989770391712,0.3605277472967152,0.0021488081001428344,2,7
1,600000,5400,5234.5,12.5,0.21742445315887382,0.15416288187306715,0.0015064721232012262,1,7
1,600000,4000,5234.5,1234.5,0.24394934805976465,0.9999999999999993,3.3864371037645034e-17,21,7
1,600000,5100,5234.5,152.0,0.22164320180625552,0.8060451804974047,0.0017104010507780927,4,7
1,600000,5200,5234.5,86.5,0.23543650140774375,0.5867210944824364,0.0022820891943291454,3,7
1,600000,5000,5234.5,240.0,0.23019978747878178,0.9269798364784646,0.0008311261866706293,6,7
1,600000,6000,5234.5,0.5,0.3853068703778336,0.0056831277960689985,5.8014085523941564e-05,1,7
1,650000,5400,5201.5,8.5,0.2198003075591647,0.1121503910274102,0.0012042094265276991,1,7
1,650000,5300,5201.5,31.0,0.23930554041990548,0.29133026015751384,0.001990021719747797,2,7
1,650000,5200,5201.5,68.0,0.23405368139224586,0.5100142983324036,0.0023655195514712462,2,7
1,650000,4000,5201.5,1201.5,0.23405220636684237,0.9999999999999998,1.1429606504647836e-17,21,7
1,650000,5100,5201.5,127.5,0.22642524957506854,0.740259234605501,0.001987717833718633,3,7
1,650000,4500,5201.5,701.5,0.1395264225569397,0.9999999999999698,2.2948138222008115e-15,15,7
1,650000,6500,5201.5,0.5,0.59500422130797,0.0038679826452819865,2.682272742384886e-05,1,7
1,650000,5500,5201.5,3.5,0.24108089989780657,0.04899332213085622,0.0005843384708508933,1,7
1,650000,6000,5201.5,0.5,0.40129594377727384,0.0055108640057508484,5.454434758541959e-05,1,7
1,650000,5000,5201.5,209.5,0.2270423250433854,0.8983658420991116,0.001085846138260086,5,7
1,700000,4000,5238.5,1238.5,0.2552819201948826,0.9999999999999898,4.295641927475414e-16,21,7
1,700000,5100,5238.5,156.0,0.22552529914393743,0.8088164066266773,0.001664965049397333,4,7
1,700000,5200,5238.5,87.5,0.2305763041314226,0.5975378246706844,0.0023133436646212034,3,7
1,700000,6500,5238.5,0.5,0.5777654253376046,0.003945680750013059,2.7921033103377403e-05,1,7
1,700000,5300,5238.5,43.0,0.23862000636961211,0.36817972700892676,0.0021776072231153827,2,7
1,700000,5400,5238.5,12.5,0.2138354472878572,0.15611688094192605,0.001543367531321622,1,7
1,700000,5500,5238.5,5.5,0.23849824108039563,0.07237011527750159,0.0007961245758171312,1,7
1,700000,4500,5238.5,738.5,0.1469096250808562,0.9999999999999627,2.6670635767922937e-15,15,7
1,700000,5000,5238.5,243.0,0.22257222381301567,0.9366426316378664,0.0007697994729184371,6,7
1,700000,6000,5238.5,0.5,0.3833718791922739,0.005704932019815756,5.846077146695445e-05,1,7
1,750000,6000,5272.5,0.5,0.3669497094155766,0.0058990523292977715,6.251186988988801e-05,1,7
1,750000,5000,5272.5,275.5,0.22643668966269437,0.9561782618360624,0.0005611730179245813,7,7
1,750000,4500,5272.5,772.5,0.15067687557411064,0.9999999999999856,1.0175965542634418e-15,17,7
1,750000,5500,5272.5,8.0,0.23491145052431023,0.09987462821779675,0.0010222373298893691,2,7
1,750000,5200,5272.5,108.5,0.22820358428887855,0.6750596324284766,0.0021598576350889704,3,7
1,750000,6500,5272.5,0.5,0.5619995107434341,0.004021001256846846,2.9006258644344057e-05,1,7
1,750000,4000,5272.5,1272.5,0.2632205366599064,0.9999999999999847,6.156547139808134e-16,21,7
1,750000,5100,5272.5,183.5,0.2198947873009674,0.8659755480751279,0.0013455519494366174,5,7
1,750000,5400,5272.5,19.0,0.21494505392593227,0.21539582541309998,0.0018637287177339656,2,7
1,750000,5300,5272.5,56.0,0.23585289293948175,0.4431680063198101,0.002293046392248696,2,7
1,800000,5000,5250.5,255.0,0.23096260911934252,0.9387524406894829,0.0007208450053279613,6,7
1,800000,6000,5250.5,0.5,0.37757073500574023,0.005771614921258494,5.983731381070611e-05,1,7
1,800000,6500,5250.5,0.5,0.5721928828716427,0.0039718200877388865,2.8295361372198803e-05,1,7
1,800000,5300,5250.5,46.5,0.23477311286273117,0.3926742527736746,0.0022519097732497336,3,7
1,800000,5400,5250.5,14.5,0.21390295122013353,0.175416446029396,0.001659876957537868,1,7
1,800000,4000,5250.5,1250.5,0.2570687754848314,0.9999999999999907,3.9016029477186075e-16,21,7
1,800000,5100,5250.5,165.5,0.22377609434322016,0.8299487822888564,0.0015555333579719117,5,7
1,800000,5200,5250.5,94.5,0.22935795838091544,0.62557641147493,0.002272662294308843,3,7
1,800000,5500,5250.5,6.0,0.23456481363124548,0.07883816929219173,0.0008620600526684222,2,7
1,800000,4500,5250.5,751.0,0.4364061842555972,0.9950949217389518,4.479716207604707e-05,16,7
1,850000,4500,5263.5,764.0,0.4425628069241132,0.9951693266737383,4.346862961609728e-05,16,7
1,850000,5500,5263.5,7.0,0.23371893295800839,0.0898372076494649,0.0009519311023328102,2,7
1,850000,5400,5263.5,17.0,0.21427671302789092,0.198229913053367,0.0017828749277901883,2,7
1,850000,5300,5263.5,51.5,0.23373488221344674,0.4217916728040385,0.002296441219090841,3,7
1,850000,5200,5263.5,102.5,0.2281563275610114,0.6554013711893402,0.0022144525692243404,3,7
1,850000,6000,5263.5,0.5,0.3712924747558851,0.005846082487568183,6.139318947151701e-05,1,7
1,850000,4000,5263.5,1263.5,0.26189326673023716,0.9999999999999836,6.626301331606011e-16,21,7
1,850000,5100,5263.5,176.0,0.2213131603398436,0.8519704528504475,0.0014326195226857302,4,7
1,850000,5000,5263.5,267.0,0.22753789240361916,0.9500800336942805,0.0006210448989865365,6,7
1,850000,6500,5263.5,0.5,0.5661659622385631,0.004000681097638792,2.87114928719333e-05,1,7
1,900000,5500,5249.5,5.5,0.23051528830257306,0.07432959420553059,0.0008389389179284179,1,7
1,900000,4500,5249.5,750.0,0.4359315408704304,0.9950891028115433,4.490189369716721e-05,16,7
1,900000,4000,5249.5,1249.5,0.2554067915348732,0.9999999999999933,2.7965409901096724e-16,21,7
1,900000,5100,5249.5,164.0,0.22012533259821243,0.8322327917006991,0.0015679527455462663,4,7
1,900000,5200,5249.5,93.0,0.22618431552318063,0.6248062536999863,0.0023064843336125227,2,7
1,900000,6500,5249.5,0.5,0.5726569215553603,0.0039696236067861546,2.8263813001261802e-05,1,7
1,900000,5300,5249.5,45.0,0.23079737985053117,0.38837297709059665,0.002284012097102538,2,7
1,900000,5400,5249.5,13.5,0.20943530882631334,0.16851007558016257,0.0016526758863689352,1,7
1,900000,5000,5249.5,253.0,0.2181805426057803,0.9481034453297268,0.0006697967798108242,6,7
1,900000,6000,5249.5,0.5,0.3780539472417872,0.0057659839039522764,5.9720462608557964e-05,1,7
1,950000,5200,5252.0,94.5,0.2259321498823389,0.6306841605885579,0.00229630243056332,3,7
1,950000,6500,5252.0,0.5,0.571496940252334,0.003975121076258081,2.834280626867045e-05,1,7
1,950000,4000,5252.0,1252.5,0.7298625494358866,0.9969718863846255,1.7380561630481853e-05,21,7
1,950000,5100,5252.0,166.0,0.21964943228838973,0.8366294632075855,0.0015438558653730452,4,7
1,950000,5400,5252.0,14.5,0.21250016283005474,0.17628336925549032,0.0016755809428382247,1,7
1,950000,5300,5252.0,47.0,0.2344464398794302,0.3958966891164917,0.0022594712875173575,2,7
1,950000,4500,5252.0,752.0,0.1500165630690521,0.9999999999999529,3.273262660488571e-15,16,7
1,950000,5500,5252.0,5.5,0.22869623048129034,0.07479359808812075,0.000849233664680072,1,7
1,950000,6000,5252.0,0.5,0.3768459895287559,0.0057800871302458035,6.001333539097962e-05,1,7
1,950000,5000,5252.0,256.0,0.2261335859405742,0.9436088281937312,0.000689821983833054,6,7
2,0,5200,5267.5,104.0,0.24180352936782673,0.6669520242147975,0.00222576990052724,4,6
2,0,5300,5267.5,53.0,0.2516879164007526,0.43074507828969416,0.00231155097484688,2,6
2,0,5000,5267.5,270.0,0.23277975498876163,0.9608976279102923,0.0005381199919266066,6,6
2,0,4000,5267.5,1267.5,0.2733292109992902,0.9999999999999982,7.54445775274747e-17,21,6
2,0,5100,5267.5,179.0,0.23627011721946994,0.8603550254522951,0.0013924756702571929,4,6
2,0,5400,5267.5,17.0,0.22721606523601312,0.20095506471507718,0.0018296532736376482,2,6
2,0,6500,5267.5,0.5,0.6095283521364998,0.0040096775565472975,2.8841814710627955e-05,1,6
2,0,5500,5267.5,6.5,0.24454952463518348,0.08661790272037362,0.0009555708308399303,1,6
2,0,6000,5267.5,0.5,0.39895654374508827,0.005869478626554847,6.188607094118225e-05,1,6
2,50000,6500,5260.5,0.5,0.6130304073441772,0.0039939698883936225,2.8614462728343656e-05,1,6
2,50000,5500,5260.5,6.5,0.2502290538930142,0.0850787316749792,0.0009226596627986423,1,6
2,50000,5400,5260.5,15.5,0.22645934736834206,0.1875630022531291,0.0017625951838042466,1,6
2,50000,5300,5260.5,49.0,0.24772516535035433,0.41307233552043887,0.002330812409419876,2,6
2,50000,5200,5260.5,99.5,0.24225949646855588,0.650971935944692,0.002264602343044711,3,6
2,50000,4000,5260.5,1260.5,0.2791378729881633,0.9999999999999916,3.507064505964676e-16,21,6
2,50000,5100,5260.5,173.0,0.23619248054632447,0.8504462166104385,0.0014607180571345555,4,6
2,50000,5000,5260.5,264.0,0.24361216074744152,0.9496706732297278,0.0006309957638327875,6,6
2,50000,6000,5260.5,0.5,0.4026060067701721,0.005828686410682182,6.102796768227855e-05,1,6
2,100000,6000,5263.5,0.5,0.4010417086938396,0.005846082487568183,6.139318947151701e-05,1,6
2,100000,5400,5263.5,16.0,0.22607677955669592,0.19248009799926907,0.0017928632200585389,2,6
2,100000,6500,5263.5,0.5,0.6115291322554737,0.004000681097640013,2.8711492871940052e-05,1,6
2,100000,5500,5263.5,6.5,0.24779717871775758,0.08572991745081682,0.0009365169516918802,1,6
2,100000,4500,5263.5,763.5,0.16342054388205135,0.9999999999999656,2.375652681646444e-15,17,6
2,100000,5000,5263.5,267.0,0.24576901328834988,0.9500800336942787,0.0006210448989865478,6,6
2,100000,4000,5263.5,1263.5,0.27213678685059384,0.9999999999999984,6.868358704185942e-17,21,6
2,100000,5100,5263.5,175.5,0.23581630765396294,0.8551577413262641,0.0014311707905382079,5,6
2,100000,5200,5263.5,102.5,0.24643699960398785,0.6554013711893396,0.0022144525692243335,3,6
2,100000,5300,5263.5,50.0,0.24677847529074337,0.4197262273595317,0.0023468553078546707,2,6
2,150000,6000,5267.5,0.5,0.39895654374508827,0.005869478626554847,6.188607094118225e-05,1,6
2,150000,4000,5267.5,1268.0,0.7958808561901338,0.9970071424413485,1.69851023905477e-05,22,6
2,150000,5100,5267.5,179.5,0.23957603840738906,0.8571060265907058,0.001394840091432484,5,6
2,150000,5000,5267.5,270.5,0.24107996085176459,0.9555855600759362,0.0005760656145994195,7,6
2,150000,5300,5267.5,51.5,0.2460328460270501,0.4288819608738148,0.002362699054151318,3,6
2,150000,5200,5267.5,104.5,0.24383891327908547,0.6657363861165322,0.0022103638843472403,3,6
2,150000,5500,5267.5,6.5,0.24454952463518348,0.08661790272037362,0.0009555708308399303,1,6
2,150000,5400,5267.5,16.0,0.2218961585240099,0.1951699950266334,0.001840760836621089,2,6
2,150000,6500,5267.5,0.5,0.6095283521364998,0.0040096775565472975,2.8841814710627955e-05,1,6
2,150000,4500,5267.5,768.0,0.48006308043359824,0.9951917667733048,4.3071826529838225e-05,16,6
2,200000,4500,5262.0,762.0,0.16364114744781183,0.9999999999999588,2.8323380049793553e-15,16,6
2,200000,5400,5262.0,15.5,0.22490858172611228,0.18852621502536893,0.0017798612941363676,1,6
2,200000,6500,5262.0,0.5,0.6122796957507983,0.003997321637208451,2.8662901994880636e-05,1,6
2,200000,5500,5262.0,6.5,0.24901352469487054,0.08540276805921798,0.000929542962008832,1,6
2,200000,5200,5262.0,100.5,0.24234391085953894,0.6543152554745891,0.00225514271859334,3,6
2,200000,5300,5262.0,49.0,0.2453608423102373,0.4156607299367665,0.00235598417728101,2,6
2,200000,5000,5262.0,265.0,0.23721587545723188,0.9549127297297276,0.0005932001166207019,6,6
2,200000,4000,5262.0,1262.0,0.27942771649007225,0.9999999999999916,3.501429606194868e-16,22,6
2,200000,5100,5262.0,174.0,0.23440135995592232,0.8544106734313168,0.0014452146044087288,4,6
2,200000,6000,5262.0,0.5,0.4018238120159211,0.0058373683783924935,6.121010709204643e-05,1,6
2,250000,6500,5277.5,0.5,0.6045309786187854,0.004032412676859998,2.9172438627846793e-05,1,6
2,250000,5300,5277.5,55.0,0.24264749999858426,0.4517686392581806,0.002412055784579814,2,6
2,250000,5200,5277.5,109.5,0.23643712833169606,0.6925798895725525,0.002197142356239548,3,6
2,250000,5100,5277.5,186.5,0.22771332713978037,0.8822710201650898,0.0012808884438298255,5,6
2,250000,5000,5277.5,279.5,0.230088143449594,0.9675355302573982,0.0004665358557427741,7,6
2,250000,5500,5277.5,7.5,0.2452798380392887,0.09724319224465194,0.0010360162804353447,1,6
2,250000,5400,5277.5,19.0,0.22670309363752145,0.21919206183963874,0.0019261781295078608,2,6
2,250000,6000,5277.5,0.5,0.3937464123079685,0.0059289975545901985,6.314868865367217e-05,1,6
2,300000,5000,5270.5,273.0,0.23483081048839033,0.9612171792101,0.0005295659096824137,6,6
2,300000,4000,5270.5,1270.5,0.28364783540044713,0.9999999999999856,5.843159543637031e-16,21,6
2,300000,5100,5270.5,180.5,0.22873408597850287,0.8720204639642178,0.0013538591282740932,5,6
2,300000,5200,5270.5,105.5,0.2397050565206451,0.6749221357344077,0.002222203549238669,3,6
2,300000,5300,5270.5,51.0,0.23927578892342782,0.43384177396915324,0.002433341934656438,2,6
2,300000,5400,5270.5,17.0,0.22403092438725047,0.20306567399622122,0.0018662438878484552,2,6
2,300000,6500,5270.5,0.5,0.608028454999844,0.004016461305395569,2.8940274141146213e-05,1,6
2,300000,5500,5270.5,7.5,0.25112025774540514,0.09548247859357245,0.000999749873585833,1,6
2,300000,6000,5270.5,0.5,0.397393090164164,0.005887178658410985,6.226024280641849e-05,1,6
2,350000,6000,5262.0,0.5,0.4018238120159211,0.0058373683783924935,6.121010709204643e-05,1,6
2,350000,5500,5262.0,6.5,0.24901352469487054,0.08540276805921798,0.000929542962008832,1,6
2,350000,5400,5262.0,15.0,0.22215062066069413,0.18548373175557614,0.0017839112326372988,2,6
2,350000,6500,5262.0,0.5,0.6122796957507983,0.003997321637208451,2.8662901994880636e-05,1,6
2,350000,4500,5262.0,762.0,0.16364114744781183,0.9999999999999588,2.8323380049793553e-15,16,6
2,350000,4000,5262.0,1262.5,0.793209198320765,0.9969947230162792,1.7123896411592235e-05,21,6
2,350000,5100,5262.0,173.0,0.2278137773269397,0.8610846127043996,0.0014405295599082967,4,6
2,350000,5000,5262.0,265.0,0.23721587545723188,0.9549127297297276,0.0005932001166207019,6,6
2,350000,5300,5262.0,47.0,0.23775312899933804,0.41261865402951553,0.002427258047685941,2,6
2,350000,5200,5262.0,99.5,0.23831890547951112,0.6565927509349054,0.0022875628963508346,3,6
2,400000,6000,5238.0,0.5,0.41435017223471426,0.005702195088744866,5.840460957934944e-05,1,6
2,400000,5200,5238.0,83.0,0.23286598563334082,0.6021054921027342,0.0024669780027686866,2,6
2,400000,5300,5238.0,38.0,0.23859919935783908,0.35593029791758496,0.0023255300030252724,2,6
2,400000,5000,5238.0,242.0,0.23386095618873692,0.9413127736255857,0.0007454360020155291,6,6
2,400000,4000,5238.0,1238.0,0.2707493360482146,0.9999999999999964,1.514756008634046e-16,20,6
2,400000,5100,5238.0,152.0,0.22333521265394018,0.8281138368165704,0.0016991289351213738,4,6
2,400000,4500,5238.0,738.0,0.16113423660412668,0.9999999999999087,6.314208868978735e-15,16,6
2,400000,5400,5238.0,11.0,0.2219018809720134,0.14539785435417785,0.0015322599791091156,2,6
2,400000,6500,5238.0,0.5,0.6243089866934552,0.003944601866928132,2.7905635268465014e-05,1,6
2,400000,5500,5238.0,4.5,0.24662677720918008,0.0632868344642567,0.0007498019947734475,1,6
2,450000,4500,5249.5,750.0,0.47085987977301824,0.99508910281155,4.490189369712011e-05,16,6
2,450000,5500,5249.5,4.5,0.2378824124310096,0.06512094985890815,0.000793078494535354,1,6
2,450000,5400,5249.5,13.5,0.22621598826571787,0.1685100755801625,0.001652675886368935,1,6
2,450000,5300,5249.5,42.0,0.23763292104250794,0.38246885337271186,0.0023852985697818433,2,6
2,450000,5200,5249.5,90.5,0.23449428855003285,0.6293591438093564,0.0023936513569046284,3,6
2,450000,4000,5249.5,1249.5,0.27249350828929075,0.9999999999999969,1.3553567005230751e-16,21,6
2,450000,5100,5249.5,162.0,0.22563144154991538,0.8445191426684041,0.0015723269374854423,4,6
2,450000,5000,5249.5,253.0,0.23566192034432848,0.9481034453297292,0.0006697967798108092,6,6
2,450000,6000,5249.5,0.5,0.4083449336805858,0.005765983903951055,5.972046260854803e-05,1,6
2,450000,6500,5249.5,0.5,0.6185401696247788,0.003969623606785266,2.8263813001256662e-05,1,6
2,500000,5400,5245.5,12.5,0.22415094346655046,0.15969688249386305,0.0016120098611849614,1,6
2,500000,6500,5245.5,0.5,0.6205457119548063,0.0039608709484678095,2.813826801972051e-05,1,6
2,500000,5500,5245.5,4.5,0.24092808348999334,0.06446823113198102,0.0007775441784072418,1,6
2,500000,4500,5245.5,746.0,0.46880754503277444,0.9950656876960398,4.532454926202e-05,16,6
2,500000,5000,5245.5,249.0,0.2327542360161693,0.9475061589130778,0.0006848777307791875,6,6
2,500000,4000,5245.5,1245.5,0.28320467400500826,0.9999999999999638,1.4440443553701954e-15,21,6
2,500000,5100,5245.5,158.0,0.22175038550767684,0.8422205796336657,0.001616607840412563,4,6
2,500000,5200,5245.5,87.0,0.2305802553499336,0.6215181271119214,0.002452309380057835,2,6
2,500000,5300,5245.5,40.0,0.23571058409427692,0.37186714523912895,0.0023856571318817844,2,6
2,500000,6000,5245.5,0.5,0.4104330715068024,0.005743595726510231,5.925698983871752e-05,1,6
2,550000,4000,5234.5,1234.5,0.26243935475238744,0.9999999999999994,2.6331945976376617e-17,21,6
2,550000,5100,5234.5,149.0,0.22269324552159564,0.8227703020137294,0.0017386431660610963,4,6
2,550000,5000,5234.5,239.0,0.23736468277195538,0.9359024480058022,0.0007873390531210083,6,6
2,550000,5300,5234.5,36.0,0.2354974455217847,0.3457717662195543,0.002333115619954353,2,6
2,550000,5200,5234.5,80.0,0.22937811299334904,0.5946631886159626,0.0025182110933867565,2,6
2,550000,5500,5234.5,3.5,0.2363983287036625,0.052912209997254434,0.0006800071652725215,1,6
2,550000,5400,5234.5,10.5,0.2218990900877515,0.140096556939586,0.0014952824889099463,1,6
2,550000,6500,5234.5,0.5,0.6260664739922299,0.003937072392115382,2.779828994347314e-05,1,6
2,550000,4500,5234.5,735.0,0.46315001279109713,0.9950001230759533,4.651842215690892e-05,16,6
2,550000,6000,5234.5,0.5,0.41617898603895587,0.005683127796068166,5.801408552393478e-05,1,6
2,600000,6000,5242.0,0.5,0.4122607507798022,0.005724182591003324,5.885654415269073e-05,1,6
2,600000,4500,5242.0,742.0,0.15625008011323005,0.9999999999999881,8.758491002091162e-16,16,6
2,600000,5400,5242.0,11.5,0.2213056384631814,0.15094310911013942,0.0015741511366219624,1,6
2,600000,6500,5242.0,0.5,0.6223014378744889,0.0039532557625872045,2.8029260553769517e-05,1,6
2,600000,5500,5242.0,4.5,0.24358937553032933,0.06391018853991393,0.0007643797854990734,1,6
2,600000,5200,5242.0,83.5,0.22536915676598412,0.6151818864967386,0.0025232860612980335,3,6
2,600000,5300,5242.0,38.0,0.2328819420639507,0.3618185390632528,0.002394402475136131,2,6
2,600000,5000,5242.0,246.0,0.2368417921209901,0.9419899414814524,0.000728818603768345,6,6
2,600000,4000,5242.0,1242.5,0.7834611585182407,0.9969487133372652,1.764293181665525e-05,21,6
2,600000,5100,5242.0,155.0,0.22137500040632624,0.8368918310710969,0.0016559827322459723,4,6
2,650000,6000,5242.5,0.5,0.411999621613487,0.005726945894882596,5.891346280467821e-05,1,6
2,650000,6500,5242.5,0.5,0.6220505697055763,0.003954341179514764,2.8044785113996898e-05,1,6
2,650000,5300,5242.5,38.0,0.2321632325343707,0.36257483514329814,0.002403294627736333,2,6
2,650000,5200,5242.5,84.5,0.22806459367032383,0.6152370274863843,0.0024931208119400856,3,6
2,650000,4000,5242.5,1242.5,0.27202057937042934,0.9999999999999962,1.6486099455452088e-16,21,6
2,650000,5100,5242.5,155.0,0.21882468453048576,0.8404420535831048,0.0016512507683347636,4,6
2,650000,5000,5242.5,246.0,0.2305674818910552,0.9470480158301027,0.0006965550308127022,6,6
2,650000,5500,5242.5,4.5,0.24320939700179123,0.06398917801561421,0.0007662366316077013,1,6
2,650000,5400,5242.5,11.0,0.21762669502802306,0.147571287846943,0.0015766449137383527,2,6
2,700000,6000,5269.5,0.5,0.39791420158844815,0.005881263973418038,6.213508511531329e-05,1,6
2,700000,5000,5269.5,271.5,0.22478949141806248,0.9668160382725335,0.00048697878378724723,7,6
2,700000,4000,5269.5,1269.5,0.284433069506589,0.9999999999999822,7.104496422402499e-16,21,6
2,700000,5100,5269.5,178.5,0.22062686045607133,0.8789936663932654,0.0013499416328814915,5,6
2,700000,5200,5269.5,101.5,0.22598825031104097,0.6817912757142519,0.0023366962567149905,3,6
2,700000,5300,5269.5,48.0,0.22960002309830746,0.42805226300094046,0.0025298758367098455,2,6
2,700000,5400,5269.5,15.5,0.21711463799552078,0.19354646400974135,0.0018710457903679323,1,6
2,700000,6500,5269.5,0.5,0.6085283553098471,0.0040141965731481655,2.8907385552391777e-05,1,6
2,700000,5500,5269.5,6.0,0.23816363344287939,0.0827523251529983,0.0009478052041583771,2,6
2,700000,4500,5269.5,769.5,0.16333428255627835,0.999999999999978,1.5310030308172408e-15,17,6
2,750000,5500,5215.5,2.5,0.23451310719712015,0.03993563018626206,0.000548800401476468,1,6
2,750000,5400,5215.5,7.5,0.21719075062896664,0.10850977899897873,0.0012820870398482327,1,6
2,750000,6500,5215.5,0.5,0.6356215936333449,0.003896880066833197,2.7228696942548738e-05,1,6
2,750000,4500,5215.5,715.5,0.1501465561536759,0.9999999999999918,6.440877710976671e-16,15,6
2,750000,4000,5215.5,1216.0,0.7704645714077611,0.9968856202085501,1.8367104288621554e-05,20,6
2,750000,5100,5215.5,133.5,0.22169233828271667,0.7887500223511321,0.0019508880455613765,3,6
2,750000,5000,5215.5,220.5,0.22832883319392322,0.9273123313185938,0.0009052038202926066,5,6
2,750000,5300,5215.5,29.0,0.23186926524806162,0.2995282456917968,0.0022408749410379554,2,6
2,750000,5200,5215.5,68.0,0.22499844474406022,0.5468070872859941,0.0026333124437554097,2,6
2,750000,6000,5215.5,0.5,0.42611632969754476,0.0055823300924423,5.597103929182461e-05,1,6
2,800000,5200,5249.5,88.0,0.22464066321895743,0.6343314391840552,0.0024875718161052694,2,6
2,800000,5300,5249.5,40.0,0.22983080453963395,0.3782155779544835,0.0024578980140252103,2,6
2,800000,5000,5249.5,252.0,0.22038094085427568,0.9588509956803838,0.000594480607390482,6,6
2,800000,4000,5249.5,1249.5,0.27249350828929075,0.9999999999999969,1.3553567005230751e-16,21,6
2,800000,5100,5249.5,161.5,0.22249830652216546,0.8478060524400103,0.0015720772353523006,5,6
2,800000,5400,5249.5,11.0,0.21094121829340157,0.1511250873443779,0.001650459030291067,2,6
2,800000,6500,5249.5,0.5,0.6185401696247788,0.003969623606785266,2.8263813001256662e-05,1,6
2,800000,5500,5249.5,4.0,0.2318523719075724,0.06017741484317529,0.0007651398547726997,2,6
2,800000,6000,5249.5,0.5,0.4083449336805858,0.005765983903951055,5.972046260854803e-05,1,6
2,850000,6500,5255.5,0.5,0.6155338514480186,0.003982852758599498,2.8454085189773956e-05,1,6
2,850000,4500,5255.5,755.5,0.16133959236024176,0.9999999999999711,2.0309695854569497e-15,17,6
2,850000,5500,5255.5,4.5,0.23330522509216622,0.06613130177438592,0.0008174140807522898,1,6
2,850000,5400,5255.5,12.5,0.21433161361987435,0.16520184430682172,0.0017201794863852234,1,6
2,850000,5300,5255.5,43.0,0.23247844887443903,0.394358711406909,0.002456917009873431,2,6
2,850000,5200,5255.5,91.5,0.22323680401572976,0.6499690183416564,0.002462491706233839,3,6
2,850000,4000,5255.5,1255.5,0.26272553726000836,0.9999999999999998,1.0773188260624749e-17,21,6
2,850000,5100,5255.5,166.5,0.2217426302524505,0.8578370287279722,0.0015052294196195536,5,6
2,850000,5000,5255.5,258.0,0.22453184526221737,0.9595590708270372,0.0005746737030716325,6,6
2,850000,6000,5255.5,0.5,0.405213988147764,0.005799976358914494,6.04275609218309e-05,1,6
2,900000,6000,5286.5,0.5,0.3890606100324221,0.0059838580630239835,6.432360162649333e-05,1,6
2,900000,5400,5286.5,18.5,0.21431658051621372,0.22382573676246464,0.0020585035596076564,1,6
2,900000,6500,5286.5,0.5,0.6000388941829606,0.0040531774624890105,2.947601822195113e-05,1,6
2,900000,5500,5286.5,6.5,0.22903710781860515,0.09117357129060316,0.0010561711281529274,1,6
2,900000,4500,5286.5,786.5,0.1678949839379416,0.9999999999999665,2.24263110516867e-15,17,6
2,900000,5000,5286.5,287.5,0.21084028271150623,0.9809927852351337,0.00032447077337661984,7,6
2,900000,5100,5286.5,193.5,0.21953330037024105,0.9014904831053016,0.001166558367840189,5,6
2,900000,5200,5286.5,113.0,0.22413696088025398,0.7218889375327173,0.002208532199780019,4,6
2,900000,5300,5286.5,55.5,0.22906564208062824,0.4712388694011118,0.002562843621028079,3,6
2,950000,6000,5274.5,0.5,0.3953090393080939,0.0059109854417615515,6.276526005135328e-05,1,6
2,950000,5100,5274.5,182.5,0.21744650739457377,0.8888983699338169,0.0012878914987482306,5,6
2,950000,5000,5274.5,276.0,0.2171153512285936,0.9734368045509207,0.000418785515269109,6,6
2,950000,5300,5274.5,49.0,0.22520638998235443,0.43935863117010066,0.0025891815805298606,2,6
2,950000,5200,5274.5,104.5,0.22414169037499737,0.6947544452494587,0.0023117231560471382,3,6
2,950000,5500,5274.5,5.5,0.2292432017313637,0.07932069623605792,0.0009528039145311596,1,6
2,950000,5400,5274.5,15.5,0.21187963128749915,0.19709643402448834,0.0019367259287761574,1,6
2,950000,6500,5274.5,0.5,0.6060295064140797,0.004025555243283463,2.907252091034164e-05,1,6
