day;timestamp;mid_price;profit_and_loss;buy_price;true_fv
39;0;53.0;0.0;54.0;54.0
39;100;52.0;-1.7070808410644531;54.0;52.29291915893555
39;200;52.0;-1.643035888671875;54.0;52.356964111328125
39;300;52.5;-1.447845458984375;54.0;52.552154541015625
39;400;52.0;-2.109355926513672;54.0;51.89064407348633
39;500;51.0;-2.7167015075683594;54.0;51.28329849243164
39;600;51.0;-3.262195587158203;54.0;50.7378044128418
39;700;51.0;-3.0265045166015625;54.0;50.97349548339844
39;800;51.0;-2.9519615173339844;54.0;51.048038482666016
39;900;51.0;-2.9195823669433594;54.0;51.08041763305664
39;1000;51.0;-2.9855079650878906;54.0;51.01449203491211
39;1100;51.5;-2.5996246337890625;54.0;51.40037536621094
39;1200;51.0;-3.1765899658203125;54.0;50.82341003417969
39;1300;51.0;-3.298931121826172;54.0;50.70106887817383
39;1400;51.5;-2.457000732421875;54.0;51.542999267578125
39;1500;52.0;-2.1952171325683594;54.0;51.80478286743164
39;1600;52.0;-2.174072265625;54.0;51.825927734375
39;1700;52.5;-1.5950889587402344;54.0;52.404911041259766
39;1800;52.0;-1.6899375915527344;54.0;52.310062408447266
39;1900;52.5;-1.3872871398925781;54.0;52.61271286010742
39;2000;53.5;-0.6067581176757812;54.0;53.39324188232422
39;2100;54.0;-0.07262420654296875;54.0;53.92737579345703
39;2200;53.5;-0.5698966979980469;54.0;53.43010330200195
39;2300;54.0;-0.27338409423828125;54.0;53.72661590576172
39;2400;54.0;0.2892723083496094;54.0;54.28927230834961
39;2500;55.0;1.1540298461914062;54.0;55.154029846191406
39;2600;55.5;1.34222412109375;54.0;55.34222412109375
39;2700;55.0;1.0343666076660156;54.0;55.034366607666016
39;2800;55.0;0.7895469665527344;54.0;54.789546966552734
39;2900;54.0;-0.09494400024414062;54.0;53.90505599975586
39;3000;54.0;0.3324127197265625;54.0;54.33241271972656
39;3100;55.0;1.1313629150390625;54.0;55.13136291503906
39;3200;55.5;1.4114990234375;54.0;55.4114990234375
39;3300;56.0;1.7620353698730469;54.0;55.76203536987305
39;3400;56.0;2.1363868713378906;54.0;56.13638687133789
39;3500;55.5;1.56353759765625;54.0;55.56353759765625
39;3600;56.0;1.8816909790039062;54.0;55.881690979003906
39;3700;55.5;1.5854339599609375;54.0;55.58543395996094
39;3800;56.0;1.7892036437988281;54.0;55.78920364379883
39;3900;56.0;1.8062171936035156;54.0;55.806217193603516
39;4000;55.0;1.3179168701171875;54.0;55.31791687011719
39;4100;56.0;1.7207527160644531;54.0;55.72075271606445
39;4200;56.0;2.06121826171875;54.0;56.06121826171875
39;4300;56.0;2.038898468017578;54.0;56.03889846801758
39;4400;55.0;1.168548583984375;54.0;55.168548583984375
39;4500;55.0;1.0868568420410156;54.0;55.086856842041016
39;4600;54.5;0.491058349609375;54.0;54.491058349609375
39;4700;54.5;0.5374565124511719;54.0;54.53745651245117
39;4800;54.5;0.4226226806640625;54.0;54.42262268066406
39;4900;55.5;1.3779335021972656;54.0;55.377933502197266
39;5000;55.5;1.4751014709472656;54.0;55.475101470947266
39;5100;55.5;1.4380035400390625;54.0;55.43800354003906
39;5200;55.5;1.4354896545410156;54.0;55.435489654541016
39;5300;55.5;1.62744140625;54.0;55.62744140625
39;5400;55.5;1.38482666015625;54.0;55.38482666015625
39;5500;56.5;2.6292190551757812;54.0;56.62921905517578
39;5600;57.0;2.7580032348632812;54.0;56.75800323486328
39;5700;57.0;2.6929244995117188;54.0;56.69292449951172
39;5800;56.0;2.0462684631347656;54.0;56.046268463134766
39;5900;56.0;2.196044921875;54.0;56.196044921875
39;6000;56.5;2.4607696533203125;54.0;56.46076965332031
39;6100;56.0;2.275196075439453;54.0;56.27519607543945
39;6200;56.5;2.416961669921875;54.0;56.416961669921875
39;6300;56.0;2.043010711669922;54.0;56.04301071166992
39;6400;55.5;1.6377944946289062;54.0;55.637794494628906
39;6500;55.5;1.5101814270019531;54.0;55.51018142700195
39;6600;55.0;1.2938613891601562;54.0;55.293861389160156
39;6700;55.0;1.0076713562011719;54.0;55.00767135620117
39;6800;55.0;1.0449600219726562;54.0;55.044960021972656
39;6900;55.5;1.4374504089355469;54.0;55.43745040893555
39;7000;55.0;0.8242454528808594;54.0;54.82424545288086
39;7100;54.0;0.20279312133789062;54.0;54.20279312133789
39;7200;54.0;0.3126945495605469;54.0;54.31269454956055
39;7300;54.5;0.4655609130859375;54.0;54.46556091308594
39;7400;55.0;1.2393836975097656;54.0;55.239383697509766
39;7500;56.0;1.7922210693359375;54.0;55.79222106933594
39;7600;55.0;1.0069732666015625;54.0;55.00697326660156
39;7700;55.5;1.3885726928710938;54.0;55.388572692871094
39;7800;55.0;0.4561271667480469;54.0;54.45612716674805
39;7900;55.0;0.7544021606445312;54.0;54.75440216064453
39;8000;54.0;0.3396644592285156;54.0;54.339664459228516
39;8100;54.0;0.17404937744140625;54.0;54.174049377441406
39;8200;54.0;0.021968841552734375;54.0;54.021968841552734
39;8300;54.0;-0.13506317138671875;54.0;53.86493682861328
39;8400;54.5;0.5459327697753906;54.0;54.54593276977539
39;8500;54.5;0.3722686767578125;54.0;54.37226867675781
39;8600;54.5;0.3975257873535156;54.0;54.397525787353516
39;8700;53.5;-0.4696197509765625;54.0;53.53038024902344
39;8800;53.0;-0.8286590576171875;54.0;53.17134094238281
39;8900;53.0;-0.941864013671875;54.0;53.058135986328125
39;9000;53.0;-1.1881332397460938;54.0;52.811866760253906
39;9100;52.5;-1.3951187133789062;54.0;52.604881286621094
39;9200;52.5;-1.6242599487304688;54.0;52.37574005126953
39;9300;52.0;-1.9183311462402344;54.0;52.081668853759766
39;9400;51.5;-2.4339141845703125;54.0;51.56608581542969
39;9500;51.0;-2.8742523193359375;54.0;51.12574768066406
39;9600;51.0;-3.0407142639160156;54.0;50.959285736083984
39;9700;51.0;-3.2022743225097656;54.0;50.797725677490234
39;9800;51.0;-3.1985931396484375;54.0;50.80140686035156
39;9900;51.0;-3.369304656982422;54.0;50.63069534301758
39;10000;51.0;-3.029083251953125;54.0;50.970916748046875
39;10100;51.0;-2.985137939453125;54.0;51.014862060546875
39;10200;51.0;-3.362110137939453;54.0;50.63788986206055
39;10300;50.0;-3.8902549743652344;54.0;50.109745025634766
39;10400;51.0;-3.3652572631835938;54.0;50.634742736816406
39;10500;50.0;-3.6377906799316406;54.0;50.36220932006836
39;10600;50.0;-3.7796363830566406;54.0;50.22036361694336
39;10700;51.0;-3.177501678466797;54.0;50.8224983215332
39;10800;50.0;-3.804454803466797;54.0;50.1955451965332
39;10900;50.0;-3.611248016357422;54.0;50.38875198364258
39;11000;51.0;-3.1039352416992188;54.0;50.89606475830078
39;11100;51.0;-2.6174468994140625;54.0;51.38255310058594
39;11200;52.0;-2.278705596923828;54.0;51.72129440307617
39;11300;52.0;-2.0913162231445312;54.0;51.90868377685547
39;11400;52.5;-1.3758049011230469;54.0;52.62419509887695
39;11500;53.0;-1.1893653869628906;54.0;52.81063461303711
39;11600;52.5;-1.5177421569824219;54.0;52.48225784301758
39;11700;52.5;-1.377899169921875;54.0;52.622100830078125
39;11800;52.0;-1.8546524047851562;54.0;52.145347595214844
39;11900;53.0;-1.139129638671875;54.0;52.860870361328125
39;12000;53.0;-0.6702194213867188;54.0;53.32978057861328
39;12100;53.5;-0.6369247436523438;54.0;53.363075256347656
39;12200;53.0;-0.7820854187011719;54.0;53.21791458129883
39;12300;53.0;-0.7790641784667969;54.0;53.2209358215332
39;12400;52.5;-1.4874076843261719;54.0;52.51259231567383
39;12500;53.0;-1.3435020446777344;54.0;52.656497955322266
39;12600;52.5;-1.4988822937011719;54.0;52.50111770629883
39;12700;52.5;-1.6184463500976562;54.0;52.381553649902344
39;12800;52.0;-1.9563522338867188;54.0;52.04364776611328
39;12900;52.0;-1.7467308044433594;54.0;52.25326919555664
39;13000;52.0;-2.0770187377929688;54.0;51.92298126220703
39;13100;51.5;-1.9216728210449219;54.0;52.07832717895508
39;13200;53.0;-1.3664093017578125;54.0;52.63359069824219
39;13300;53.0;-1.1249313354492188;54.0;52.87506866455078
39;13400;52.5;-1.4951591491699219;54.0;52.50484085083008
39;13500;52.0;-2.3206634521484375;54.0;51.67933654785156
39;13600;52.0;-2.115020751953125;54.0;51.884979248046875
39;13700;52.0;-2.2508163452148438;54.0;51.749183654785156
39;13800;52.0;-1.9963111877441406;54.0;52.00368881225586
39;13900;52.0;-1.6427764892578125;54.0;52.35722351074219
39;14000;52.0;-1.8314781188964844;54.0;52.168521881103516
39;14100;52.0;-1.6658668518066406;54.0;52.33413314819336
39;14200;52.0;-1.7508316040039062;54.0;52.249168395996094
39;14300;53.0;-1.2999610900878906;54.0;52.70003890991211
39;14400;52.0;-1.6873054504394531;54.0;52.31269454956055
39;14500;52.0;-2.1078720092773438;54.0;51.892127990722656
39;14600;51.0;-2.754131317138672;54.0;51.24586868286133
39;14700;52.0;-1.7694053649902344;54.0;52.230594635009766
39;14800;52.5;-1.4517745971679688;54.0;52.54822540283203
39;14900;52.0;-1.6585845947265625;54.0;52.34141540527344
39;15000;52.0;-1.6732559204101562;54.0;52.326744079589844
39;15100;53.0;-0.9309959411621094;54.0;53.06900405883789
39;15200;53.0;-0.7810630798339844;54.0;53.218936920166016
39;15300;53.5;-0.5776519775390625;54.0;53.42234802246094
39;15400;53.0;-0.8539047241210938;54.0;53.146095275878906
39;15500;53.0;-0.9205474853515625;54.0;53.07945251464844
39;15600;54.0;0.053913116455078125;54.0;54.05391311645508
39;15700;54.0;-0.13737106323242188;54.0;53.86262893676758
39;15800;54.0;-0.2329864501953125;54.0;53.76701354980469
39;15900;54.0;0.2146759033203125;54.0;54.21467590332031
39;16000;54.0;0.2671089172363281;54.0;54.26710891723633
39;16100;54.5;0.44956207275390625;54.0;54.449562072753906
39;16200;54.0;0.3185272216796875;54.0;54.31852722167969
39;16300;55.0;0.7857933044433594;54.0;54.78579330444336
39;16400;55.0;1.1864242553710938;54.0;55.186424255371094
39;16500;55.0;0.8476409912109375;54.0;54.84764099121094
39;16600;55.0;1.2342910766601562;54.0;55.234291076660156
39;16700;55.0;1.1912460327148438;54.0;55.191246032714844
39;16800;55.0;1.2121505737304688;54.0;55.21215057373047
39;16900;55.5;1.347869873046875;54.0;55.347869873046875
39;17000;55.5;1.3740005493164062;54.0;55.374000549316406
39;17100;55.5;1.3379669189453125;54.0;55.33796691894531
39;17200;56.0;1.8290596008300781;54.0;55.82905960083008
39;17300;56.0;2.1500473022460938;54.0;56.150047302246094
39;17400;56.5;2.560192108154297;54.0;56.5601921081543
39;17500;56.5;2.4986610412597656;54.0;56.498661041259766
39;17600;56.0;2.039653778076172;54.0;56.03965377807617
39;17700;55.0;1.2785491943359375;54.0;55.27854919433594
39;17800;55.0;1.1639938354492188;54.0;55.16399383544922
39;17900;55.0;1.2279930114746094;54.0;55.22799301147461
39;18000;56.0;1.9567642211914062;54.0;55.956764221191406
39;18100;56.0;1.6799087524414062;54.0;55.679908752441406
39;18200;56.0;1.7398490905761719;54.0;55.73984909057617
39;18300;56.0;1.7452583312988281;54.0;55.74525833129883
39;18400;55.0;1.0547409057617188;54.0;55.05474090576172
39;18500;55.0;1.245361328125;54.0;55.245361328125
39;18600;54.0;0.19708633422851562;54.0;54.197086334228516
39;18700;54.0;0.13383102416992188;54.0;54.13383102416992
39;18800;54.0;-0.23604965209960938;54.0;53.76395034790039
39;18900;54.0;0.057453155517578125;54.0;54.05745315551758
39;19000;53.5;-0.4834098815917969;54.0;53.5165901184082
39;19100;53.5;-0.7501640319824219;54.0;53.24983596801758
39;19200;53.5;-0.5487174987792969;54.0;53.4512825012207
39;19300;53.5;-0.38222503662109375;54.0;53.617774963378906
39;19400;53.0;-0.6898536682128906;54.0;53.31014633178711
39;19500;53.0;-0.8675498962402344;54.0;53.132450103759766
39;19600;53.0;-0.7872047424316406;54.0;53.21279525756836
39;19700;52.5;-1.47979736328125;54.0;52.52020263671875
39;19800;52.0;-1.7862167358398438;54.0;52.213783264160156
39;19900;53.0;-0.8639717102050781;54.0;53.13602828979492
39;20000;53.5;-0.5023345947265625;54.0;53.49766540527344
39;20100;53.0;-0.9850311279296875;54.0;53.01496887207031
39;20200;53.0;-0.6930809020996094;54.0;53.30691909790039
39;20300;53.0;-1.0354537963867188;54.0;52.96454620361328
39;20400;53.0;-0.6656875610351562;54.0;53.334312438964844
39;20500;53.0;-1.0251617431640625;54.0;52.97483825683594
39;20600;52.5;-1.4029083251953125;54.0;52.59709167480469
39;20700;53.0;-1.1064414978027344;54.0;52.893558502197266
39;20800;53.5;-0.6050262451171875;54.0;53.39497375488281
39;20900;54.0;-0.13315582275390625;54.0;53.866844177246094
39;21000;54.0;-0.064666748046875;54.0;53.935333251953125
39;21100;53.0;-0.7832145690917969;54.0;53.2167854309082
39;21200;53.5;-0.5958480834960938;54.0;53.404151916503906
39;21300;54.0;0.087860107421875;54.0;54.087860107421875
39;21400;54.0;0.14640045166015625;54.0;54.146400451660156
39;21500;54.0;0.2804756164550781;54.0;54.28047561645508
39;21600;54.5;0.49127960205078125;54.0;54.49127960205078
39;21700;54.5;0.4620819091796875;54.0;54.46208190917969
39;21800;55.0;0.8684921264648438;54.0;54.868492126464844
39;21900;55.0;0.8873214721679688;54.0;54.88732147216797
39;22000;54.5;0.4037666320800781;54.0;54.40376663208008
39;22100;54.0;0.045658111572265625;54.0;54.045658111572266
39;22200;54.0;-0.171844482421875;54.0;53.828155517578125
39;22300;54.0;-0.236175537109375;54.0;53.763824462890625
39;22400;53.5;-0.42340850830078125;54.0;53.57659149169922
39;22500;53.5;-0.50445556640625;54.0;53.49554443359375
39;22600;53.5;-0.5509529113769531;54.0;53.44904708862305
39;22700;53.0;-0.9305915832519531;54.0;53.06940841674805
39;22800;53.0;-1.1950263977050781;54.0;52.80497360229492
39;22900;53.0;-1.1238365173339844;54.0;52.876163482666016
39;23000;52.5;-1.5647621154785156;54.0;52.435237884521484
39;23100;52.5;-1.5777854919433594;54.0;52.42221450805664
39;23200;52.0;-1.825775146484375;54.0;52.174224853515625
39;23300;51.5;-2.507862091064453;54.0;51.49213790893555
39;23400;51.0;-3.1757431030273438;54.0;50.824256896972656
39;23500;50.5;-2.870281219482422;54.0;51.12971878051758
39;23600;51.0;-3.372173309326172;54.0;50.62782669067383
39;23700;51.0;-2.8156166076660156;54.0;51.184383392333984
39;23800;51.0;-2.8715476989746094;54.0;51.12845230102539
39;23900;52.0;-2.3036231994628906;54.0;51.69637680053711
39;24000;52.0;-2.238658905029297;54.0;51.7613410949707
39;24100;51.5;-2.5022430419921875;54.0;51.49775695800781
39;24200;52.0;-2.257061004638672;54.0;51.74293899536133
39;24300;52.0;-2.342620849609375;54.0;51.657379150390625
39;24400;52.0;-1.9145965576171875;54.0;52.08540344238281
39;24500;52.0;-1.8746109008789062;54.0;52.125389099121094
39;24600;52.0;-2.36431884765625;54.0;51.63568115234375
39;24700;52.0;-2.01953125;54.0;51.98046875
39;24800;52.0;-1.938873291015625;54.0;52.061126708984375
39;24900;52.0;-2.057586669921875;54.0;51.942413330078125
39;25000;52.0;-2.2990798950195312;54.0;51.70092010498047
39;25100;52.0;-2.0083770751953125;54.0;51.99162292480469
39;25200;52.5;-1.5938835144042969;54.0;52.4061164855957
39;25300;52.0;-2.2346420288085938;54.0;51.765357971191406
39;25400;52.0;-1.9151611328125;54.0;52.0848388671875
39;25500;52.0;-1.9445228576660156;54.0;52.055477142333984
39;25600;52.0;-1.7080459594726562;54.0;52.291954040527344
39;25700;52.0;-1.9670791625976562;54.0;52.032920837402344
39;25800;52.0;-2.061756134033203;54.0;51.9382438659668
39;25900;52.0;-1.7070579528808594;54.0;52.29294204711914
39;26000;53.0;-1.2866935729980469;54.0;52.71330642700195
39;26100;52.5;-1.4413490295410156;54.0;52.558650970458984
39;26200;52.0;-2.196971893310547;54.0;51.80302810668945
39;26300;52.0;-2.2368736267089844;54.0;51.763126373291016
39;26400;52.0;-1.985198974609375;54.0;52.014801025390625
39;26500;52.0;-1.9623260498046875;54.0;52.03767395019531
39;26600;52.0;-1.9352989196777344;54.0;52.064701080322266
39;26700;52.5;-1.5871086120605469;54.0;52.41289138793945
39;26800;52.5;-1.5641212463378906;54.0;52.43587875366211
39;26900;53.0;-1.3332290649414062;54.0;52.666770935058594
39;27000;52.0;-2.0314292907714844;54.0;51.968570709228516
39;27100;52.0;-2.1401939392089844;54.0;51.859806060791016
39;27200;51.0;-2.7020339965820312;54.0;51.29796600341797
39;27300;51.5;-2.4670333862304688;54.0;51.53296661376953
39;27400;51.0;-3.0207481384277344;54.0;50.979251861572266
39;27500;51.5;-2.6152420043945312;54.0;51.38475799560547
39;27600;52.0;-2.3088226318359375;54.0;51.69117736816406
39;27700;52.0;-2.3192481994628906;54.0;51.68075180053711
39;27800;51.0;-2.878948211669922;54.0;51.12105178833008
39;27900;51.0;-3.184703826904297;54.0;50.8152961730957
39;28000;50.0;-3.641204833984375;54.0;50.358795166015625
39;28100;51.5;-2.4020004272460938;54.0;51.597999572753906
39;28200;52.0;-1.9037284851074219;54.0;52.09627151489258
39;28300;52.0;-1.9745903015136719;54.0;52.02540969848633
39;28400;52.0;-1.8939208984375;54.0;52.1060791015625
39;28500;52.0;-1.9248504638671875;54.0;52.07514953613281
39;28600;52.0;-1.7841567993164062;54.0;52.215843200683594
39;28700;52.0;-1.8861083984375;54.0;52.1138916015625
39;28800;52.0;-2.2772674560546875;54.0;51.72273254394531
39;28900;52.0;-2.2718505859375;54.0;51.7281494140625
39;29000;51.5;-2.4706459045410156;54.0;51.529354095458984
39;29100;52.0;-2.1084060668945312;54.0;51.89159393310547
39;29200;52.0;-1.8612709045410156;54.0;52.138729095458984
39;29300;52.0;-2.1711807250976562;54.0;51.828819274902344
39;29400;52.0;-2.029529571533203;54.0;51.9704704284668
39;29500;51.5;-1.9746932983398438;54.0;52.025306701660156
39;29600;51.0;-2.6187515258789062;54.0;51.381248474121094
39;29700;51.0;-2.6961135864257812;54.0;51.30388641357422
39;29800;51.0;-2.6956329345703125;54.0;51.30436706542969
39;29900;51.5;-2.4974098205566406;54.0;51.50259017944336
39;30000;51.0;-3.0000762939453125;54.0;50.99992370605469
39;30100;51.0;-2.9372291564941406;54.0;51.06277084350586
39;30200;51.0;-3.338573455810547;54.0;50.66142654418945
39;30300;50.5;-3.6988601684570312;54.0;50.30113983154297
39;30400;50.0;-3.8694190979003906;54.0;50.13058090209961
39;30500;50.5;-3.542957305908203;54.0;50.4570426940918
39;30600;50.0;-4.171642303466797;54.0;49.8283576965332
39;30700;49.5;-4.535148620605469;54.0;49.46485137939453
39;30800;49.0;-5.076545715332031;54.0;48.92345428466797
39;30900;49.5;-4.586421966552734;54.0;49.413578033447266
39;31000;49.0;-5.360206604003906;54.0;48.639793395996094
39;31100;49.0;-5.278358459472656;54.0;48.721641540527344
39;31200;48.5;-5.463230133056641;54.0;48.53676986694336
39;31300;49.5;-4.588794708251953;54.0;49.41120529174805
39;31400;50.0;-4.353355407714844;54.0;49.646644592285156
39;31500;50.0;-4.3020782470703125;54.0;49.69792175292969
39;31600;50.0;-4.254825592041016;54.0;49.745174407958984
39;31700;50.0;-3.8201446533203125;54.0;50.17985534667969
39;31800;50.0;-3.856800079345703;54.0;50.1431999206543
39;31900;51.0;-3.3827743530273438;54.0;50.617225646972656
39;32000;51.0;-3.029632568359375;54.0;50.970367431640625
39;32100;51.0;-2.7874832153320312;54.0;51.21251678466797
39;32200;51.0;-2.7639846801757812;54.0;51.23601531982422
39;32300;52.0;-2.244152069091797;54.0;51.7558479309082
39;32400;52.0;-2.2927093505859375;54.0;51.70729064941406
39;32500;52.0;-2.1265945434570312;54.0;51.87340545654297
39;32600;52.0;-2.2168197631835938;54.0;51.783180236816406
39;32700;52.0;-2.276947021484375;54.0;51.723052978515625
39;32800;52.0;-2.017364501953125;54.0;51.982635498046875
39;32900;52.0;-2.1027565002441406;54.0;51.89724349975586
39;33000;53.0;-1.2896957397460938;54.0;52.710304260253906
39;33100;53.0;-1.0491943359375;54.0;52.9508056640625
39;33200;52.0;-1.8181266784667969;54.0;52.1818733215332
39;33300;52.5;-1.4540252685546875;54.0;52.54597473144531
39;33400;53.0;-1.0998573303222656;54.0;52.900142669677734
39;33500;53.0;-1.3667259216308594;54.0;52.63327407836914
39;33600;52.5;-1.3969154357910156;54.0;52.603084564208984
39;33700;53.0;-1.2936325073242188;54.0;52.70636749267578
39;33800;53.0;-1.1197929382324219;54.0;52.88020706176758
39;33900;53.5;-0.5759162902832031;54.0;53.4240837097168
39;34000;53.5;-0.5682868957519531;54.0;53.43171310424805
39;34100;54.0;0.13565444946289062;54.0;54.13565444946289
39;34200;54.5;0.585601806640625;54.0;54.585601806640625
39;34300;54.5;0.4828033447265625;54.0;54.48280334472656
39;34400;54.0;0.24916839599609375;54.0;54.249168395996094
39;34500;54.0;-0.06787490844726562;54.0;53.932125091552734
39;34600;54.0;-0.3546562194824219;54.0;53.64534378051758
39;34700;53.5;-0.5501861572265625;54.0;53.44981384277344
39;34800;53.0;-1.2078018188476562;54.0;52.792198181152344
39;34900;53.0;-1.360687255859375;54.0;52.639312744140625
39;35000;52.0;-2.2493743896484375;54.0;51.75062561035156
39;35100;52.0;-1.86883544921875;54.0;52.13116455078125
39;35200;52.0;-2.00238037109375;54.0;51.99761962890625
39;35300;52.0;-1.6534652709960938;54.0;52.346534729003906
39;35400;53.0;-1.0361862182617188;54.0;52.96381378173828
39;35500;53.0;-1.021759033203125;54.0;52.978240966796875
39;35600;53.0;-1.0257415771484375;54.0;52.97425842285156
39;35700;52.0;-1.6692085266113281;54.0;52.33079147338867
39;35800;52.0;-2.2375717163085938;54.0;51.762428283691406
39;35900;52.0;-1.9697380065917969;54.0;52.0302619934082
39;36000;52.0;-1.9090614318847656;54.0;52.090938568115234
39;36100;52.5;-1.4630622863769531;54.0;52.53693771362305
39;36200;52.5;-1.4237289428710938;54.0;52.576271057128906
39;36300;52.0;-2.0940513610839844;54.0;51.905948638916016
39;36400;52.5;-1.3961143493652344;54.0;52.603885650634766
39;36500;53.0;-1.3218650817871094;54.0;52.67813491821289
39;36600;53.0;-1.1917610168457031;54.0;52.8082389831543
39;36700;52.0;-1.6909599304199219;54.0;52.30904006958008
39;36800;51.5;-2.5642013549804688;54.0;51.43579864501953
39;36900;51.5;-2.600086212158203;54.0;51.3999137878418
39;37000;51.0;-2.969371795654297;54.0;51.0306282043457
39;37100;52.0;-2.0530853271484375;54.0;51.94691467285156
39;37200;53.0;-1.1847457885742188;54.0;52.81525421142578
39;37300;52.0;-1.8946876525878906;54.0;52.10531234741211
39;37400;51.5;-2.40130615234375;54.0;51.59869384765625
39;37500;52.0;-2.3133888244628906;54.0;51.68661117553711
39;37600;51.0;-2.6514434814453125;54.0;51.34855651855469
39;37700;52.0;-1.6342697143554688;54.0;52.36573028564453
39;37800;52.0;-2.0325279235839844;54.0;51.967472076416016
39;37900;52.0;-2.1143035888671875;54.0;51.88569641113281
39;38000;52.0;-2.0166168212890625;54.0;51.98338317871094
39;38100;52.0;-2.04644775390625;54.0;51.95355224609375
39;38200;52.0;-2.0974502563476562;54.0;51.902549743652344
39;38300;52.0;-1.7904548645019531;54.0;52.20954513549805
39;38400;52.0;-1.8835182189941406;54.0;52.11648178100586
39;38500;52.0;-1.9063911437988281;54.0;52.09360885620117
39;38600;52.0;-1.9922866821289062;54.0;52.007713317871094
39;38700;52.0;-1.7232627868652344;54.0;52.276737213134766
39;38800;52.0;-1.9228706359863281;54.0;52.07712936401367
39;38900;52.0;-1.8578529357910156;54.0;52.142147064208984
39;39000;52.0;-1.9090003967285156;54.0;52.090999603271484
39;39100;52.0;-1.9079093933105469;54.0;52.09209060668945
39;39200;51.5;-2.602336883544922;54.0;51.39766311645508
39;39300;51.0;-3.200084686279297;54.0;50.7999153137207
39;39400;51.0;-2.8910064697265625;54.0;51.10899353027344
39;39500;51.0;-3.191802978515625;54.0;50.808197021484375
39;39600;51.0;-3.260761260986328;54.0;50.73923873901367
39;39700;50.0;-4.222740173339844;54.0;49.777259826660156
39;39800;50.0;-4.535453796386719;54.0;49.46454620361328
39;39900;49.0;-4.697704315185547;54.0;49.30229568481445
39;40000;50.0;-4.346973419189453;54.0;49.65302658081055
39;40100;49.0;-4.77935791015625;54.0;49.22064208984375
39;40200;49.0;-5.078765869140625;54.0;48.921234130859375
39;40300;49.0;-5.207080841064453;54.0;48.79291915893555
39;40400;48.5;-5.5040283203125;54.0;48.4959716796875
39;40500;48.0;-5.759914398193359;54.0;48.24008560180664
39;40600;48.0;-6.157981872558594;54.0;47.842018127441406
39;40700;47.0;-7.0307769775390625;54.0;46.96922302246094
39;40800;47.0;-6.950897216796875;54.0;47.049102783203125
39;40900;46.0;-7.580532073974609;54.0;46.41946792602539
39;41000;47.0;-7.2495269775390625;54.0;46.75047302246094
39;41100;47.0;-7.436969757080078;54.0;46.56303024291992
39;41200;46.0;-7.868923187255859;54.0;46.13107681274414
39;41300;46.0;-7.658821105957031;54.0;46.34117889404297
39;41400;46.0;-7.686000823974609;54.0;46.31399917602539
39;41500;46.0;-8.31692123413086;54.0;45.68307876586914
39;41600;45.5;-8.537551879882812;54.0;45.46244812011719
39;41700;46.0;-8.425518035888672;54.0;45.57448196411133
39;41800;46.0;-8.146442413330078;54.0;45.85355758666992
39;41900;44.5;-8.837650299072266;54.0;45.162349700927734
39;42000;45.0;-9.16030502319336;54.0;44.83969497680664
39;42100;45.5;-8.527050018310547;54.0;45.47294998168945
39;42200;46.0;-7.91448974609375;54.0;46.08551025390625
39;42300;47.0;-7.315406799316406;54.0;46.684593200683594
39;42400;46.0;-7.588787078857422;54.0;46.41121292114258
39;42500;46.5;-7.489097595214844;54.0;46.510902404785156
39;42600;47.0;-7.322315216064453;54.0;46.67768478393555
39;42700;46.0;-7.8149261474609375;54.0;46.18507385253906
39;42800;46.0;-7.851444244384766;54.0;46.148555755615234
39;42900;45.5;-7.6727447509765625;54.0;46.32725524902344
39;43000;46.0;-7.873832702636719;54.0;46.12616729736328
39;43100;46.0;-7.809577941894531;54.0;46.19042205810547
39;43200;46.0;-7.775455474853516;54.0;46.224544525146484
39;43300;46.0;-7.846065521240234;54.0;46.153934478759766
39;43400;47.0;-7.413963317871094;54.0;46.586036682128906
39;43500;46.0;-8.142864227294922;54.0;45.85713577270508
39;43600;46.0;-7.894752502441406;54.0;46.105247497558594
39;43700;46.0;-8.298656463623047;54.0;45.70134353637695
39;43800;45.0;-8.845577239990234;54.0;45.154422760009766
39;43900;45.0;-8.614860534667969;54.0;45.38513946533203
39;44000;46.0;-8.406749725341797;54.0;45.5932502746582
39;44100;46.0;-7.803047180175781;54.0;46.19695281982422
39;44200;46.5;-7.490684509277344;54.0;46.509315490722656
39;44300;47.0;-7.3371429443359375;54.0;46.66285705566406
39;44400;47.0;-7.019432067871094;54.0;46.980567932128906
39;44500;47.0;-6.6912689208984375;54.0;47.30873107910156
39;44600;48.0;-6.241603851318359;54.0;47.75839614868164
39;44700;48.0;-5.994647979736328;54.0;48.00535202026367
39;44800;48.0;-5.8033599853515625;54.0;48.19664001464844
39;44900;48.0;-5.771568298339844;54.0;48.228431701660156
39;45000;48.0;-5.668117523193359;54.0;48.33188247680664
39;45100;47.5;-5.808616638183594;54.0;48.191383361816406
39;45200;48.0;-6.089450836181641;54.0;47.91054916381836
39;45300;47.0;-6.743762969970703;54.0;47.2562370300293
39;45400;47.0;-7.025306701660156;54.0;46.974693298339844
39;45500;47.0;-6.591396331787109;54.0;47.40860366821289
39;45600;47.0;-6.585304260253906;54.0;47.414695739746094
39;45700;47.0;-6.852748870849609;54.0;47.14725112915039
39;45800;47.0;-6.980674743652344;54.0;47.019325256347656
39;45900;47.0;-6.860374450683594;54.0;47.139625549316406
39;46000;47.0;-6.967754364013672;54.0;47.03224563598633
39;46100;47.0;-7.164478302001953;54.0;46.83552169799805
39;46200;47.0;-6.8252410888671875;54.0;47.17475891113281
39;46300;48.0;-6.380588531494141;54.0;47.61941146850586
39;46400;48.0;-6.021728515625;54.0;47.978271484375
39;46500;48.0;-6.1861572265625;54.0;47.8138427734375
39;46600;48.0;-6.006999969482422;54.0;47.99300003051758
39;46700;48.0;-5.941375732421875;54.0;48.058624267578125
39;46800;48.0;-5.846035003662109;54.0;48.15396499633789
39;46900;48.0;-5.82427978515625;54.0;48.17572021484375
39;47000;48.0;-5.6521453857421875;54.0;48.34785461425781
39;47100;48.5;-5.4598541259765625;54.0;48.54014587402344
39;47200;49.0;-5.373821258544922;54.0;48.62617874145508
39;47300;48.0;-5.872314453125;54.0;48.127685546875
39;47400;48.5;-5.537158966064453;54.0;48.46284103393555
39;47500;49.0;-5.171184539794922;54.0;48.82881546020508
39;47600;49.0;-5.0765228271484375;54.0;48.92347717285156
39;47700;48.5;-5.498905181884766;54.0;48.501094818115234
39;47800;48.0;-5.684642791748047;54.0;48.31535720825195
39;47900;48.0;-5.608123779296875;54.0;48.391876220703125
39;48000;49.0;-5.313507080078125;54.0;48.686492919921875
39;48100;48.0;-5.8216705322265625;54.0;48.17832946777344
39;48200;49.0;-5.228416442871094;54.0;48.771583557128906
39;48300;48.5;-5.514644622802734;54.0;48.485355377197266
39;48400;48.0;-5.6618499755859375;54.0;48.33815002441406
39;48500;48.5;-5.429542541503906;54.0;48.570457458496094
39;48600;48.5;-5.442760467529297;54.0;48.5572395324707
39;48700;48.5;-5.520275115966797;54.0;48.4797248840332
39;48800;48.0;-5.804786682128906;54.0;48.195213317871094
39;48900;48.0;-6.005287170410156;54.0;47.994712829589844
39;49000;48.0;-6.17864990234375;54.0;47.82135009765625
39;49100;48.0;-5.843910217285156;54.0;48.156089782714844
39;49200;48.0;-6.063556671142578;54.0;47.93644332885742
39;49300;48.0;-5.7837371826171875;54.0;48.21626281738281
39;49400;49.0;-5.267017364501953;54.0;48.73298263549805
39;49500;48.0;-5.713817596435547;54.0;48.28618240356445
39;49600;48.0;-5.895740509033203;54.0;48.1042594909668
39;49700;48.0;-5.600536346435547;54.0;48.39946365356445
39;49800;48.0;-5.700225830078125;54.0;48.299774169921875
39;49900;49.0;-5.088565826416016;54.0;48.911434173583984
39;50000;49.0;-5.030834197998047;54.0;48.96916580200195
39;50100;49.0;-4.868129730224609;54.0;49.13187026977539
39;50200;48.5;-5.512805938720703;54.0;48.4871940612793
39;50300;48.0;-5.654384613037109;54.0;48.34561538696289
39;50400;49.0;-5.159893035888672;54.0;48.84010696411133
39;50500;49.0;-5.350608825683594;54.0;48.649391174316406
39;50600;49.0;-4.727851867675781;54.0;49.27214813232422
39;50700;49.0;-4.616767883300781;54.0;49.38323211669922
39;50800;50.0;-3.643535614013672;54.0;50.35646438598633
39;50900;51.0;-3.1424407958984375;54.0;50.85755920410156
39;51000;50.0;-3.6147499084472656;54.0;50.385250091552734
39;51100;50.0;-3.690013885498047;54.0;50.30998611450195
39;51200;50.0;-4.091644287109375;54.0;49.908355712890625
39;51300;50.5;-3.4687576293945312;54.0;50.53124237060547
39;51400;50.5;-3.586742401123047;54.0;50.41325759887695
39;51500;50.0;-4.178134918212891;54.0;49.82186508178711
39;51600;50.0;-3.6073379516601562;54.0;50.392662048339844
39;51700;50.0;-4.3453826904296875;54.0;49.65461730957031
39;51800;50.0;-4.314842224121094;54.0;49.685157775878906
39;51900;49.0;-4.681999206542969;54.0;49.31800079345703
39;52000;49.0;-4.725025177001953;54.0;49.27497482299805
39;52100;50.0;-4.371440887451172;54.0;49.62855911254883
39;52200;49.0;-4.6002044677734375;54.0;49.39979553222656
39;52300;49.5;-4.414066314697266;54.0;49.585933685302734
39;52400;49.5;-4.557979583740234;54.0;49.442020416259766
39;52500;49.0;-5.127494812011719;54.0;48.87250518798828
39;52600;49.0;-5.286460876464844;54.0;48.713539123535156
39;52700;48.5;-5.495639801025391;54.0;48.50436019897461
39;52800;48.5;-5.514080047607422;54.0;48.48591995239258
39;52900;47.5;-5.465766906738281;54.0;48.53423309326172
39;53000;48.0;-5.698143005371094;54.0;48.301856994628906
39;53100;49.0;-5.085124969482422;54.0;48.91487503051758
39;53200;49.0;-4.7181396484375;54.0;49.2818603515625
39;53300;49.5;-4.480144500732422;54.0;49.51985549926758
39;53400;49.0;-4.630607604980469;54.0;49.36939239501953
39;53500;49.0;-4.958160400390625;54.0;49.041839599609375
39;53600;49.0;-5.3497314453125;54.0;48.6502685546875
39;53700;48.0;-5.650962829589844;54.0;48.349037170410156
39;53800;48.0;-5.6406402587890625;54.0;48.35935974121094
39;53900;48.0;-5.943058013916016;54.0;48.056941986083984
39;54000;47.0;-6.58990478515625;54.0;47.41009521484375
39;54100;48.0;-5.8361968994140625;54.0;48.16380310058594
39;54200;49.0;-5.317790985107422;54.0;48.68220901489258
39;54300;48.5;-5.5800628662109375;54.0;48.41993713378906
39;54400;48.5;-5.526851654052734;54.0;48.473148345947266
39;54500;49.0;-5.020271301269531;54.0;48.97972869873047
39;54600;49.0;-5.028602600097656;54.0;48.971397399902344
39;54700;48.0;-5.731658935546875;54.0;48.268341064453125
39;54800;48.0;-5.763053894042969;54.0;48.23694610595703
39;54900;48.0;-6.304119110107422;54.0;47.69588088989258
39;55000;48.0;-6.160747528076172;54.0;47.83925247192383
39;55100;48.0;-5.758869171142578;54.0;48.24113082885742
39;55200;48.0;-6.401065826416016;54.0;47.598934173583984
39;55300;47.0;-7.0185546875;54.0;46.9814453125
39;55400;47.0;-6.7709808349609375;54.0;47.22901916503906
39;55500;47.0;-6.827861785888672;54.0;47.17213821411133
39;55600;47.0;-7.051372528076172;54.0;46.94862747192383
39;55700;47.0;-6.739372253417969;54.0;47.26062774658203
39;55800;47.0;-7.188953399658203;54.0;46.8110466003418
39;55900;47.0;-7.211219787597656;54.0;46.788780212402344
39;56000;46.0;-7.764778137207031;54.0;46.23522186279297
39;56100;46.5;-7.454681396484375;54.0;46.545318603515625
39;56200;46.0;-8.097213745117188;54.0;45.90278625488281
39;56300;45.0;-8.71445083618164;54.0;45.28554916381836
39;56400;45.0;-8.647869110107422;54.0;45.35213088989258
39;56500;46.0;-8.380172729492188;54.0;45.61982727050781
39;56600;45.5;-8.507160186767578;54.0;45.49283981323242
39;56700;45.0;-8.825408935546875;54.0;45.174591064453125
39;56800;45.5;-8.520977020263672;54.0;45.47902297973633
39;56900;46.0;-8.254390716552734;54.0;45.745609283447266
39;57000;45.0;-8.878997802734375;54.0;45.121002197265625
39;57100;45.0;-9.44961929321289;54.0;44.55038070678711
39;57200;45.0;-9.451072692871094;54.0;44.548927307128906
39;57300;44.0;-9.787178039550781;54.0;44.21282196044922
39;57400;44.0;-9.796520233154297;54.0;44.2034797668457
39;57500;44.0;-9.634666442871094;54.0;44.365333557128906
39;57600;44.0;-9.869915008544922;54.0;44.13008499145508
39;57700;44.0;-9.7862548828125;54.0;44.2137451171875
39;57800;44.0;-9.759780883789062;54.0;44.24021911621094
39;57900;44.0;-9.827953338623047;54.0;44.17204666137695
39;58000;44.0;-10.13309097290039;54.0;43.86690902709961
39;58100;44.0;-9.769329071044922;54.0;44.23067092895508
39;58200;45.0;-9.28274917602539;54.0;44.71725082397461
39;58300;44.0;-9.848197937011719;54.0;44.15180206298828
39;58400;44.0;-10.333366394042969;54.0;43.66663360595703
39;58500;44.0;-10.379928588867188;54.0;43.62007141113281
39;58600;44.0;-10.370658874511719;54.0;43.62934112548828
39;58700;43.0;-11.044200897216797;54.0;42.9557991027832
39;58800;42.0;-11.839519500732422;54.0;42.16048049926758
39;58900;42.0;-12.146064758300781;54.0;41.85393524169922
39;59000;42.0;-11.987529754638672;54.0;42.01247024536133
39;59100;42.0;-12.262203216552734;54.0;41.737796783447266
39;59200;41.0;-12.604934692382812;54.0;41.39506530761719
39;59300;42.0;-11.985713958740234;54.0;42.014286041259766
39;59400;42.0;-12.116050720214844;54.0;41.883949279785156
39;59500;42.0;-12.474925994873047;54.0;41.52507400512695
39;59600;41.0;-12.60580062866211;54.0;41.39419937133789
39;59700;41.0;-12.625221252441406;54.0;41.374778747558594
39;59800;42.0;-12.189407348632812;54.0;41.81059265136719
39;59900;42.0;-12.431770324707031;54.0;41.56822967529297
39;60000;42.0;-11.863109588623047;54.0;42.13689041137695
39;60100;42.0;-12.058834075927734;54.0;41.941165924072266
39;60200;42.0;-12.0550537109375;54.0;41.9449462890625
39;60300;42.0;-12.217639923095703;54.0;41.7823600769043
39;60400;42.0;-11.567237854003906;54.0;42.432762145996094
39;60500;42.0;-11.518478393554688;54.0;42.48152160644531
39;60600;43.0;-11.036746978759766;54.0;42.963253021240234
39;60700;43.0;-11.132820129394531;54.0;42.86717987060547
39;60800;43.0;-10.688175201416016;54.0;43.311824798583984
39;60900;43.0;-10.83834457397461;54.0;43.16165542602539
39;61000;43.0;-10.761241912841797;54.0;43.2387580871582
39;61100;44.0;-10.28750991821289;54.0;43.71249008178711
39;61200;44.0;-9.875091552734375;54.0;44.124908447265625
39;61300;44.0;-9.896198272705078;54.0;44.10380172729492
39;61400;44.5;-9.979694366455078;54.0;44.02030563354492
39;61500;44.0;-10.205455780029297;54.0;43.7945442199707
39;61600;44.0;-10.321487426757812;54.0;43.67851257324219
39;61700;44.0;-9.82149887084961;54.0;44.17850112915039
39;61800;44.0;-9.728588104248047;54.0;44.27141189575195
39;61900;45.0;-9.464435577392578;54.0;44.53556442260742
39;62000;44.0;-9.81454086303711;54.0;44.18545913696289
39;62100;44.0;-10.102657318115234;54.0;43.897342681884766
39;62200;44.0;-9.945674896240234;54.0;44.054325103759766
39;62300;44.0;-10.12252426147461;54.0;43.87747573852539
39;62400;44.0;-10.215801239013672;54.0;43.78419876098633
39;62500;44.0;-10.077857971191406;54.0;43.922142028808594
39;62600;44.0;-9.795928955078125;54.0;44.204071044921875
39;62700;44.5;-9.488994598388672;54.0;44.51100540161133
39;62800;44.0;-9.68832778930664;54.0;44.31167221069336
39;62900;44.0;-9.631736755371094;54.0;44.368263244628906
39;63000;44.0;-9.676780700683594;54.0;44.323219299316406
39;63100;44.0;-9.707378387451172;54.0;44.29262161254883
39;63200;45.0;-8.650360107421875;54.0;45.349639892578125
39;63300;45.0;-8.84490966796875;54.0;45.15509033203125
39;63400;46.0;-8.321491241455078;54.0;45.67850875854492
39;63500;46.0;-8.375873565673828;54.0;45.62412643432617
39;63600;46.0;-8.370929718017578;54.0;45.62907028198242
39;63700;45.0;-8.967811584472656;54.0;45.032188415527344
39;63800;45.0;-8.744148254394531;54.0;45.25585174560547
39;63900;45.0;-9.14947509765625;54.0;44.85052490234375
39;64000;45.0;-8.592460632324219;54.0;45.40753936767578
39;64100;45.0;-8.592674255371094;54.0;45.407325744628906
39;64200;46.0;-8.241405487060547;54.0;45.75859451293945
39;64300;45.0;-8.58206558227539;54.0;45.41793441772461
39;64400;46.0;-7.963359832763672;54.0;46.03664016723633
39;64500;46.0;-8.10031509399414;54.0;45.89968490600586
39;64600;46.0;-7.7798004150390625;54.0;46.22019958496094
39;64700;46.0;-8.414901733398438;54.0;45.58509826660156
39;64800;45.0;-8.696739196777344;54.0;45.303260803222656
39;64900;45.0;-8.829898834228516;54.0;45.170101165771484
39;65000;45.0;-9.413467407226562;54.0;44.58653259277344
39;65100;45.0;-8.98189926147461;54.0;45.01810073852539
39;65200;45.0;-8.986515045166016;54.0;45.013484954833984
39;65300;45.5;-8.69686508178711;54.0;45.30313491821289
39;65400;45.0;-8.791332244873047;54.0;45.20866775512695
39;65500;45.5;-8.534034729003906;54.0;45.465965270996094
39;65600;46.0;-8.051712036132812;54.0;45.94828796386719
39;65700;46.0;-7.905300140380859;54.0;46.09469985961914
39;65800;46.0;-8.181816101074219;54.0;45.81818389892578
39;65900;46.0;-8.203544616699219;54.0;45.79645538330078
39;66000;45.0;-8.712955474853516;54.0;45.287044525146484
39;66100;46.0;-8.164756774902344;54.0;45.835243225097656
39;66200;46.0;-8.278343200683594;54.0;45.721656799316406
39;66300;46.0;-8.4466552734375;54.0;45.5533447265625
39;66400;45.0;-8.960811614990234;54.0;45.039188385009766
39;66500;45.0;-8.76300048828125;54.0;45.23699951171875
39;66600;46.0;-8.087562561035156;54.0;45.912437438964844
39;66700;46.5;-7.486236572265625;54.0;46.513763427734375
39;66800;47.0;-7.323596954345703;54.0;46.6764030456543
39;66900;46.5;-7.50115966796875;54.0;46.49884033203125
39;67000;47.0;-7.3641204833984375;54.0;46.63587951660156
39;67100;47.0;-6.960971832275391;54.0;47.03902816772461
39;67200;47.0;-6.897682189941406;54.0;47.102317810058594
39;67300;47.0;-7.054790496826172;54.0;46.94520950317383
39;67400;47.0;-6.677028656005859;54.0;47.32297134399414
39;67500;48.0;-6.349403381347656;54.0;47.650596618652344
39;67600;48.0;-5.661857604980469;54.0;48.33814239501953
39;67700;48.5;-5.447181701660156;54.0;48.552818298339844
39;67800;48.0;-5.655082702636719;54.0;48.34491729736328
39;67900;48.0;-5.693111419677734;54.0;48.306888580322266
39;68000;48.5;-5.487190246582031;54.0;48.51280975341797
39;68100;48.0;-5.6827850341796875;54.0;48.31721496582031
39;68200;48.0;-5.919166564941406;54.0;48.080833435058594
39;68300;48.0;-6.075847625732422;54.0;47.92415237426758
39;68400;47.5;-6.444942474365234;54.0;47.555057525634766
39;68500;47.0;-6.757755279541016;54.0;47.242244720458984
39;68600;47.0;-7.124153137207031;54.0;46.87584686279297
39;68700;47.0;-7.326103210449219;54.0;46.67389678955078
39;68800;46.0;-7.893684387207031;54.0;46.10631561279297
39;68900;46.0;-8.093955993652344;54.0;45.906044006347656
39;69000;46.5;-7.455951690673828;54.0;46.54404830932617
39;69100;46.0;-7.708076477050781;54.0;46.29192352294922
39;69200;46.0;-8.01308822631836;54.0;45.98691177368164
39;69300;46.0;-7.653495788574219;54.0;46.34650421142578
39;69400;46.0;-8.172950744628906;54.0;45.827049255371094
39;69500;47.0;-7.360404968261719;54.0;46.63959503173828
39;69600;47.5;-6.432853698730469;54.0;47.56714630126953
39;69700;47.0;-6.859500885009766;54.0;47.140499114990234
39;69800;47.0;-6.7978363037109375;54.0;47.20216369628906
39;69900;48.0;-6.413860321044922;54.0;47.58613967895508
39;70000;48.0;-6.298366546630859;54.0;47.70163345336914
39;70100;47.0;-6.849987030029297;54.0;47.1500129699707
39;70200;47.0;-6.917575836181641;54.0;47.08242416381836
39;70300;48.0;-6.4190826416015625;54.0;47.58091735839844
39;70400;48.0;-6.280757904052734;54.0;47.719242095947266
39;70500;48.0;-6.2083892822265625;54.0;47.79161071777344
39;70600;47.0;-6.927227020263672;54.0;47.07277297973633
39;70700;47.0;-6.7833404541015625;54.0;47.21665954589844
39;70800;47.0;-6.995372772216797;54.0;47.0046272277832
39;70900;47.0;-7.0503692626953125;54.0;46.94963073730469
39;71000;46.5;-7.536922454833984;54.0;46.463077545166016
39;71100;46.5;-7.497837066650391;54.0;46.50216293334961
39;71200;46.0;-7.8033905029296875;54.0;46.19660949707031
39;71300;46.0;-7.695896148681641;54.0;46.30410385131836
39;71400;45.0;-8.609134674072266;54.0;45.390865325927734
39;71500;45.0;-8.622856140136719;54.0;45.37714385986328
39;71600;45.5;-8.491996765136719;54.0;45.50800323486328
39;71700;46.0;-8.450950622558594;54.0;45.549049377441406
39;71800;46.0;-7.718631744384766;54.0;46.281368255615234
39;71900;46.0;-8.259693145751953;54.0;45.74030685424805
39;72000;46.5;-7.492897033691406;54.0;46.507102966308594
39;72100;47.0;-7.133861541748047;54.0;46.86613845825195
39;72200;47.0;-6.585926055908203;54.0;47.4140739440918
39;72300;47.0;-6.601963043212891;54.0;47.39803695678711
39;72400;47.0;-6.584693908691406;54.0;47.415306091308594
39;72500;48.0;-6.134426116943359;54.0;47.86557388305664
39;72600;48.0;-5.8598175048828125;54.0;48.14018249511719
39;72700;48.0;-5.927661895751953;54.0;48.07233810424805
39;72800;48.0;-5.864658355712891;54.0;48.13534164428711
39;72900;48.0;-6.271629333496094;54.0;47.728370666503906
39;73000;48.0;-6.428565979003906;54.0;47.571434020996094
39;73100;48.0;-5.954437255859375;54.0;48.045562744140625
39;73200;47.0;-6.631153106689453;54.0;47.36884689331055
39;73300;47.0;-6.920112609863281;54.0;47.07988739013672
39;73400;47.0;-7.122562408447266;54.0;46.877437591552734
39;73500;47.0;-7.412906646728516;54.0;46.587093353271484
39;73600;47.0;-7.170188903808594;54.0;46.829811096191406
39;73700;47.0;-6.814853668212891;54.0;47.18514633178711
39;73800;47.0;-7.017536163330078;54.0;46.98246383666992
39;73900;47.0;-6.63043212890625;54.0;47.36956787109375
39;74000;47.0;-7.267799377441406;54.0;46.732200622558594
39;74100;47.0;-7.0247344970703125;54.0;46.97526550292969
39;74200;47.0;-7.009227752685547;54.0;46.99077224731445
39;74300;47.0;-6.670490264892578;54.0;47.32950973510742
39;74400;47.0;-6.790187835693359;54.0;47.20981216430664
39;74500;47.0;-6.968116760253906;54.0;47.031883239746094
39;74600;47.0;-6.952812194824219;54.0;47.04718780517578
39;74700;47.0;-7.025177001953125;54.0;46.974822998046875
39;74800;47.0;-7.23486328125;54.0;46.76513671875
39;74900;47.0;-7.104808807373047;54.0;46.89519119262695
39;75000;47.0;-6.924201965332031;54.0;47.07579803466797
39;75100;46.5;-7.492801666259766;54.0;46.507198333740234
39;75200;47.0;-7.250064849853516;54.0;46.749935150146484
39;75300;46.0;-7.695308685302734;54.0;46.304691314697266
39;75400;47.0;-6.844860076904297;54.0;47.1551399230957
39;75500;47.0;-6.898097991943359;54.0;47.10190200805664
39;75600;47.0;-6.870460510253906;54.0;47.129539489746094
39;75700;47.0;-7.257968902587891;54.0;46.74203109741211
39;75800;47.0;-7.18426513671875;54.0;46.81573486328125
39;75900;47.0;-7.434211730957031;54.0;46.56578826904297
39;76000;47.0;-6.974849700927734;54.0;47.025150299072266
39;76100;47.0;-7.022502899169922;54.0;46.97749710083008
39;76200;46.0;-7.971973419189453;54.0;46.02802658081055
39;76300;47.0;-7.420787811279297;54.0;46.5792121887207
39;76400;47.0;-7.366130828857422;54.0;46.63386917114258
39;76500;47.0;-7.3498687744140625;54.0;46.65013122558594
39;76600;47.0;-7.351158142089844;54.0;46.648841857910156
39;76700;47.0;-7.326251983642578;54.0;46.67374801635742
39;76800;46.0;-7.767520904541016;54.0;46.232479095458984
39;76900;46.0;-8.045204162597656;54.0;45.954795837402344
39;77000;46.0;-8.062812805175781;54.0;45.93718719482422
39;77100;46.0;-8.385860443115234;54.0;45.614139556884766
39;77200;45.5;-8.46292495727539;54.0;45.53707504272461
39;77300;45.0;-8.779117584228516;54.0;45.220882415771484
39;77400;45.0;-8.699188232421875;54.0;45.300811767578125
39;77500;46.0;-8.097564697265625;54.0;45.902435302734375
39;77600;46.0;-8.017478942871094;54.0;45.982521057128906
39;77700;46.0;-8.137493133544922;54.0;45.86250686645508
39;77800;46.0;-7.597370147705078;54.0;46.40262985229492
39;77900;47.0;-7.228000640869141;54.0;46.77199935913086
39;78000;46.0;-7.898281097412109;54.0;46.10171890258789
39;78100;47.0;-6.859104156494141;54.0;47.14089584350586
39;78200;47.0;-7.103874206542969;54.0;46.89612579345703
39;78300;46.0;-7.61761474609375;54.0;46.38238525390625
39;78400;46.0;-7.599952697753906;54.0;46.400047302246094
39;78500;46.0;-7.768074035644531;54.0;46.23192596435547
39;78600;46.0;-8.00632095336914;54.0;45.99367904663086
39;78700;46.0;-7.902336120605469;54.0;46.09766387939453
39;78800;47.0;-7.429103851318359;54.0;46.57089614868164
39;78900;47.0;-7.006031036376953;54.0;46.99396896362305
39;79000;47.0;-6.999870300292969;54.0;47.00012969970703
39;79100;47.0;-7.054649353027344;54.0;46.945350646972656
39;79200;47.0;-6.932464599609375;54.0;47.067535400390625
39;79300;48.0;-6.325771331787109;54.0;47.67422866821289
39;79400;48.0;-6.316669464111328;54.0;47.68333053588867
39;79500;47.0;-6.612285614013672;54.0;47.38771438598633
39;79600;48.0;-6.105751037597656;54.0;47.894248962402344
39;79700;47.0;-6.82305908203125;54.0;47.17694091796875
39;79800;47.0;-6.6099853515625;54.0;47.3900146484375
39;79900;48.0;-6.397510528564453;54.0;47.60248947143555
39;80000;48.0;-5.592308044433594;54.0;48.407691955566406
39;80100;49.0;-4.728992462158203;54.0;49.2710075378418
39;80200;49.0;-5.110298156738281;54.0;48.88970184326172
39;80300;49.0;-5.101016998291016;54.0;48.898983001708984
39;80400;50.0;-4.392116546630859;54.0;49.60788345336914
39;80500;50.0;-4.214321136474609;54.0;49.78567886352539
39;80600;50.0;-4.3073577880859375;54.0;49.69264221191406
39;80700;49.5;-4.478626251220703;54.0;49.5213737487793
39;80800;50.0;-3.7681312561035156;54.0;50.231868743896484
39;80900;50.0;-3.8187255859375;54.0;50.1812744140625
39;81000;50.5;-3.5068931579589844;54.0;50.493106842041016
39;81100;50.5;-3.4488487243652344;54.0;50.551151275634766
39;81200;51.0;-3.272785186767578;54.0;50.72721481323242
39;81300;50.5;-3.4619712829589844;54.0;50.538028717041016
39;81400;51.0;-3.3709373474121094;54.0;50.62906265258789
39;81500;51.0;-2.8518753051757812;54.0;51.14812469482422
39;81600;51.0;-2.886241912841797;54.0;51.1137580871582
39;81700;51.0;-3.146099090576172;54.0;50.85390090942383
39;81800;51.0;-3.0013465881347656;54.0;50.998653411865234
39;81900;52.0;-2.379344940185547;54.0;51.62065505981445
39;82000;52.5;-1.5524673461914062;54.0;52.447532653808594
39;82100;53.0;-0.98028564453125;54.0;53.01971435546875
39;82200;54.0;-0.3448143005371094;54.0;53.65518569946289
39;82300;54.0;-0.29034423828125;54.0;53.70965576171875
39;82400;54.0;-0.2763519287109375;54.0;53.72364807128906
39;82500;53.0;-0.9503059387207031;54.0;53.0496940612793
39;82600;53.5;-0.448760986328125;54.0;53.551239013671875
39;82700;53.0;-0.9389877319335938;54.0;53.061012268066406
39;82800;52.5;-1.5240592956542969;54.0;52.4759407043457
39;82900;52.0;-2.1252365112304688;54.0;51.87476348876953
39;83000;52.0;-2.0733642578125;54.0;51.9266357421875
39;83100;51.5;-2.5174636840820312;54.0;51.48253631591797
39;83200;51.0;-2.8309288024902344;54.0;51.169071197509766
39;83300;51.0;-3.0405731201171875;54.0;50.95942687988281
39;83400;51.5;-2.507099151611328;54.0;51.49290084838867
39;83500;52.0;-2.007457733154297;54.0;51.9925422668457
39;83600;52.0;-2.212055206298828;54.0;51.78794479370117
39;83700;51.5;-2.568206787109375;54.0;51.431793212890625
39;83800;52.0;-2.0154495239257812;54.0;51.98455047607422
39;83900;52.0;-1.9515457153320312;54.0;52.04845428466797
39;84000;52.0;-2.073589324951172;54.0;51.92641067504883
39;84100;52.0;-1.6877517700195312;54.0;52.31224822998047
39;84200;52.0;-1.6893310546875;54.0;52.3106689453125
39;84300;52.5;-1.6148834228515625;54.0;52.38511657714844
39;84400;53.0;-0.876190185546875;54.0;53.123809814453125
39;84500;54.0;-0.024707794189453125;54.0;53.97529220581055
39;84600;54.0;0.2557868957519531;54.0;54.25578689575195
39;84700;55.0;1.0632057189941406;54.0;55.06320571899414
39;84800;54.5;0.38535308837890625;54.0;54.385353088378906
39;84900;53.0;-0.7946395874023438;54.0;53.205360412597656
39;85000;52.5;-1.4153289794921875;54.0;52.58467102050781
39;85100;52.0;-1.9165687561035156;54.0;52.083431243896484
39;85200;52.0;-1.8870429992675781;54.0;52.11295700073242
39;85300;52.0;-1.8604202270507812;54.0;52.13957977294922
39;85400;52.0;-1.8716163635253906;54.0;52.12838363647461
39;85500;53.0;-1.0403633117675781;54.0;52.95963668823242
39;85600;53.0;-1.1052932739257812;54.0;52.89470672607422
39;85700;53.5;-0.6145591735839844;54.0;53.385440826416016
39;85800;52.5;-1.4869918823242188;54.0;52.51300811767578
39;85900;52.0;-2.032276153564453;54.0;51.96772384643555
39;86000;52.0;-1.7436408996582031;54.0;52.2563591003418
39;86100;53.0;-1.3099288940429688;54.0;52.69007110595703
39;86200;52.5;-1.4219474792480469;54.0;52.57805252075195
39;86300;52.5;-1.550750732421875;54.0;52.449249267578125
39;86400;53.0;-1.19921875;54.0;52.80078125
39;86500;53.0;-1.1006011962890625;54.0;52.89939880371094
39;86600;52.0;-1.6501083374023438;54.0;52.349891662597656
39;86700;52.0;-2.0963516235351562;54.0;51.903648376464844
39;86800;52.0;-2.172161102294922;54.0;51.82783889770508
39;86900;52.5;-1.571868896484375;54.0;52.428131103515625
39;87000;52.0;-1.6683311462402344;54.0;52.331668853759766
39;87100;53.0;-1.1169509887695312;54.0;52.88304901123047
39;87200;53.0;-1.2344131469726562;54.0;52.765586853027344
39;87300;53.0;-0.8703842163085938;54.0;53.129615783691406
39;87400;53.0;-0.9014549255371094;54.0;53.09854507446289
39;87500;53.0;-0.8691215515136719;54.0;53.13087844848633
39;87600;53.0;-0.8034248352050781;54.0;53.19657516479492
39;87700;53.0;-1.03118896484375;54.0;52.96881103515625
39;87800;53.0;-1.0966339111328125;54.0;52.90336608886719
39;87900;53.0;-0.7042503356933594;54.0;53.29574966430664
39;88000;53.0;-1.0265769958496094;54.0;52.97342300415039
39;88100;52.5;-1.5700645446777344;54.0;52.429935455322266
39;88200;52.5;-1.6113853454589844;54.0;52.388614654541016
39;88300;52.0;-1.9849319458007812;54.0;52.01506805419922
39;88400;52.0;-1.99090576171875;54.0;52.00909423828125
39;88500;52.5;-1.4777030944824219;54.0;52.52229690551758
39;88600;53.0;-1.2474517822265625;54.0;52.75254821777344
39;88700;53.0;-1.2632179260253906;54.0;52.73678207397461
39;88800;53.0;-1.2225570678710938;54.0;52.777442932128906
39;88900;53.0;-0.8958511352539062;54.0;53.104148864746094
39;89000;52.5;-1.4995651245117188;54.0;52.50043487548828
39;89100;52.0;-1.8464202880859375;54.0;52.15357971191406
39;89200;53.0;-1.1791725158691406;54.0;52.82082748413086
39;89300;52.5;-1.4091262817382812;54.0;52.59087371826172
39;89400;53.0;-1.3661575317382812;54.0;52.63384246826172
39;89500;52.5;-1.5994720458984375;54.0;52.40052795410156
39;89600;52.0;-1.8997001647949219;54.0;52.10029983520508
39;89700;51.5;-2.5561065673828125;54.0;51.44389343261719
39;89800;52.0;-2.1362342834472656;54.0;51.863765716552734
39;89900;52.0;-1.8030929565429688;54.0;52.19690704345703
39;90000;52.0;-1.6942024230957031;54.0;52.3057975769043
39;90100;52.0;-1.8352088928222656;54.0;52.164791107177734
39;90200;52.0;-1.7869186401367188;54.0;52.21308135986328
39;90300;52.0;-1.8923492431640625;54.0;52.10765075683594
39;90400;52.5;-1.4984779357910156;54.0;52.501522064208984
39;90500;52.0;-1.6393547058105469;54.0;52.36064529418945
39;90600;52.0;-2.1012306213378906;54.0;51.89876937866211
39;90700;52.0;-2.2943458557128906;54.0;51.70565414428711
39;90800;51.0;-2.9503517150878906;54.0;51.04964828491211
39;90900;51.0;-2.6916275024414062;54.0;51.308372497558594
39;91000;51.0;-3.2228927612304688;54.0;50.77710723876953
39;91100;51.0;-3.1669044494628906;54.0;50.83309555053711
39;91200;51.0;-3.1830482482910156;54.0;50.816951751708984
39;91300;51.5;-2.5639114379882812;54.0;51.43608856201172
39;91400;52.0;-1.8504142761230469;54.0;52.14958572387695
39;91500;52.0;-2.212890625;54.0;51.787109375
39;91600;52.0;-1.9516677856445312;54.0;52.04833221435547
39;91700;51.5;-2.5558624267578125;54.0;51.44413757324219
39;91800;51.5;-2.5172653198242188;54.0;51.48273468017578
39;91900;51.0;-2.823394775390625;54.0;51.176605224609375
39;92000;52.0;-1.7197036743164062;54.0;52.280296325683594
39;92100;52.0;-2.343433380126953;54.0;51.65656661987305
39;92200;52.0;-1.9230842590332031;54.0;52.0769157409668
39;92300;52.0;-2.361236572265625;54.0;51.638763427734375
39;92400;51.5;-2.3912315368652344;54.0;51.608768463134766
39;92500;52.0;-2.12872314453125;54.0;51.87127685546875
39;92600;52.0;-1.95928955078125;54.0;52.04071044921875
39;92700;52.0;-1.7617111206054688;54.0;52.23828887939453
39;92800;53.0;-1.203033447265625;54.0;52.796966552734375
39;92900;53.0;-0.9087028503417969;54.0;53.0912971496582
39;93000;53.0;-0.8293113708496094;54.0;53.17068862915039
39;93100;53.0;-0.7981758117675781;54.0;53.20182418823242
39;93200;52.5;-1.437286376953125;54.0;52.562713623046875
39;93300;52.0;-1.6686019897460938;54.0;52.331398010253906
39;93400;52.0;-2.0488548278808594;54.0;51.95114517211914
39;93500;52.0;-1.8211402893066406;54.0;52.17885971069336
39;93600;52.0;-2.237346649169922;54.0;51.76265335083008
39;93700;51.5;-2.4101181030273438;54.0;51.589881896972656
39;93800;52.5;-1.3922080993652344;54.0;52.607791900634766
39;93900;53.0;-0.8476486206054688;54.0;53.15235137939453
39;94000;53.0;-1.3403205871582031;54.0;52.6596794128418
39;94100;52.0;-2.068523406982422;54.0;51.93147659301758
39;94200;52.0;-2.0235939025878906;54.0;51.97640609741211
39;94300;52.0;-1.9179649353027344;54.0;52.082035064697266
39;94400;52.0;-2.260082244873047;54.0;51.73991775512695
39;94500;52.0;-2.1951942443847656;54.0;51.804805755615234
39;94600;51.5;-2.5350074768066406;54.0;51.46499252319336
39;94700;51.0;-3.184051513671875;54.0;50.815948486328125
39;94800;50.0;-3.7923355102539062;54.0;50.207664489746094
39;94900;50.0;-3.6973419189453125;54.0;50.30265808105469
39;95000;50.0;-3.6771774291992188;54.0;50.32282257080078
39;95100;50.5;-3.5534591674804688;54.0;50.44654083251953
39;95200;49.0;-4.767246246337891;54.0;49.23275375366211
39;95300;49.0;-5.145011901855469;54.0;48.85498809814453
39;95400;49.0;-4.810455322265625;54.0;49.189544677734375
39;95500;49.5;-4.553474426269531;54.0;49.44652557373047
39;95600;49.5;-4.467018127441406;54.0;49.532981872558594
39;95700;49.5;-4.479133605957031;54.0;49.52086639404297
39;95800;49.0;-4.928707122802734;54.0;49.071292877197266
39;95900;49.0;-4.862743377685547;54.0;49.13725662231445
39;96000;49.0;-4.961830139160156;54.0;49.038169860839844
39;96100;49.0;-4.778587341308594;54.0;49.221412658691406
39;96200;50.0;-4.140724182128906;54.0;49.859275817871094
39;96300;50.5;-3.5922813415527344;54.0;50.407718658447266
39;96400;51.0;-3.067394256591797;54.0;50.9326057434082
39;96500;50.0;-3.7157058715820312;54.0;50.28429412841797
39;96600;50.0;-4.320045471191406;54.0;49.679954528808594
39;96700;50.0;-4.0221710205078125;54.0;49.97782897949219
39;96800;50.0;-4.306388854980469;54.0;49.69361114501953
39;96900;50.0;-3.7927894592285156;54.0;50.207210540771484
39;97000;50.0;-4.096363067626953;54.0;49.90363693237305
39;97100;49.5;-4.591316223144531;54.0;49.40868377685547
39;97200;49.5;-4.563636779785156;54.0;49.436363220214844
39;97300;49.0;-4.980167388916016;54.0;49.019832611083984
39;97400;49.0;-5.287666320800781;54.0;48.71233367919922
39;97500;49.0;-4.9189910888671875;54.0;49.08100891113281
39;97600;49.0;-4.892894744873047;54.0;49.10710525512695
39;97700;49.0;-5.040626525878906;54.0;48.959373474121094
39;97800;49.0;-5.164783477783203;54.0;48.8352165222168
39;97900;49.0;-5.0485992431640625;54.0;48.95140075683594
39;98000;49.5;-4.559814453125;54.0;49.440185546875
39;98100;50.0;-3.7193222045898438;54.0;50.280677795410156
39;98200;51.0;-3.1326446533203125;54.0;50.86735534667969
39;98300;51.0;-3.206146240234375;54.0;50.793853759765625
39;98400;50.0;-3.7000732421875;54.0;50.2999267578125
39;98500;50.0;-3.70025634765625;54.0;50.29974365234375
39;98600;51.0;-3.0745468139648438;54.0;50.925453186035156
39;98700;50.5;-3.4590187072753906;54.0;50.54098129272461
39;98800;50.0;-3.713207244873047;54.0;50.28679275512695
39;98900;50.5;-3.542888641357422;54.0;50.45711135864258
39;99000;51.0;-3.3645401000976562;54.0;50.635459899902344
39;99100;50.0;-3.819255828857422;54.0;50.18074417114258
39;99200;50.0;-3.8574066162109375;54.0;50.14259338378906
39;99300;50.0;-4.198833465576172;54.0;49.80116653442383
39;99400;50.0;-3.6665191650390625;54.0;50.33348083496094
39;99500;50.0;-3.939800262451172;54.0;50.06019973754883
39;99600;50.0;-4.025722503662109;54.0;49.97427749633789
39;99700;49.5;-4.42498779296875;54.0;49.57501220703125
39;99800;50.0;-3.9556961059570312;54.0;50.04430389404297
39;99900;50.0;-3.865276336669922;54.0;50.13472366333008
